Artist Name,Track Name,Popularity,danceability,energy,key,loudness,mode,speechiness,acousticness,instrumentalness,liveness,valence,tempo,duration_ms,time_signature,Genre
Calvin Boze and His All Stars,Safronia B,34,0.539,0.483,8,-9.085,1,0.0573,0.8,0.0341,0.314,0.864,167.484,144307,4,blues
The Jeff Healey Band,Stop Breakin' Down - Live,27,0.372,0.767,7,-8.692,1,0.12,0.00207,0.000432,0.982,0.417,119.249,410960,4,blues
The Hentchmen,Michigan Blues,9,0.414,0.871,0,-9.63,1,0.0328,0.0584,0.177,0.0732,0.862,148.588,130000,4,blues
Skip James,Devil Got My Woman,43,0.508,0.151,2,-14.984,1,0.0324,0.986,0.0465,0.172,0.523,85.128,181787,4,blues
Steve Howell,Kansas City Blues,42,0.584,0.276,11,-12.256,0,0.0481,0.913,0.000562,0.113,0.398,79.576,187544,4,blues
Eric Clapton,Let It Rain,53,0.442,0.616,2,-11.417,1,0.0294,0.111,0.00321,0.0993,0.746,122.267,301267,4,blues
Seasick Steve,Sun on My Face,44,0.44,0.184,4,-13.965,1,0.0612,0.863,1.56e-05,0.0932,0.261,182.017,245933,3,blues
Kid Bailey,Rowdy Blues,28,0.589,0.116,0,-17.218,1,0.0463,0.994,0.0419,0.122,0.577,97.815,180976,3,blues
Cedric Burnside,We Made It,45,0.725,0.746,2,-7.785,1,0.0292,0.0223,0.0357,0.293,0.819,107.205,214613,4,blues
Robert Petway,Catfish Blues,36,0.596,0.308,1,-17.814,1,0.0495,0.977,0.0106,0.108,0.834,183.398,174472,4,blues
Amythyst Kiah,Black Myself,53,0.553,0.828,9,-4.091,1,0.0609,0.11,0.0,0.2,0.902,152.638,201194,4,blues
Bonnie Raitt,Three Time Loser,17,0.423,0.901,11,-4.209,1,0.085,0.251,0.104,0.28,0.863,122.524,199200,4,blues
The Bones of J.R. Jones,The Heat,48,0.588,0.841,2,-4.374,1,0.0802,0.144,0.000511,0.0369,0.682,92.992,194332,4,blues
Jonny P,Good To You,54,0.789,0.38,1,-10.662,1,0.0362,0.358,0.0207,0.0928,0.702,92.028,158855,4,blues
Snooky Pryor,Work With Me Annie,34,0.66,0.696,9,-7.096,1,0.0367,0.448,0.00194,0.0621,0.598,110.016,258400,4,blues
Son House,Downhearted Blues,26,0.601,0.079,9,-16.254,1,0.182,0.868,0.0002,0.114,0.315,64.176,363227,4,blues
Buddy Guy,Damn Right I've Got The Blues - Live,31,0.348,0.587,9,-10.04,0,0.12,0.0209,0.0818,0.486,0.557,102.043,461533,4,blues
Bettye LaVette,Romance In The Dark,40,0.74,0.419,8,-7.859,1,0.0507,0.76,0.000514,0.118,0.684,137.671,258547,4,blues
Corey Harris,Keep Your Lamp Trimmed And Burning,36,0.646,0.0443,4,-20.977,1,0.0415,0.979,0.000179,0.107,0.333,134.257,174533,4,blues
Big Joe Turner,"S.K. Blues, Pt. 1",33,0.619,0.268,10,-9.96,1,0.0772,0.987,0.00193,0.306,0.61,87.213,181307,4,blues
Albert Collins,"Honey, Hush aka Talking Woman Blues",47,0.862,0.707,0,-6.742,1,0.0324,0.0947,0.00665,0.124,0.863,122.21,268160,4,blues
Samantha Fish,Dirty,30,0.608,0.458,8,-9.11,1,0.0456,0.783,0.0485,0.125,0.3,156.088,207307,4,blues
Shemekia Copeland,Uncivil War,40,0.612,0.487,10,-6.881,1,0.0326,0.761,0.0,0.116,0.398,122.991,285990,3,blues
Mississippi Fred McDowell,Going Down to the River,30,0.451,0.438,4,-7.193,1,0.0421,0.794,4.55e-05,0.0696,0.565,87.646,271120,4,blues
Roomful Of Blues,Lower On Your List Of Priorities,27,0.565,0.928,0,-4.02,1,0.0544,0.254,2.7e-06,0.295,0.91,146.401,200227,4,blues
Johnny Adams,Reconsider Me,29,0.441,0.49,5,-11.249,1,0.0447,0.642,0.000456,0.417,0.556,107.735,235431,1,blues
The Chords,Sh-Boom - Single Version,47,0.667,0.467,5,-8.991,1,0.0499,0.851,0.0,0.272,0.905,136.676,144320,4,blues
Charley Patton,Devil Sent The Rain Blues,29,0.485,0.166,7,-15.223,1,0.0406,0.971,0.813,0.257,0.336,182.901,185360,4,blues
Johnny Copeland,Rolling With The Punches,35,0.73,0.799,8,-8.254,1,0.0258,0.0742,0.01,0.176,0.884,99.785,394333,4,blues
Eden Brent,Better This Way,30,0.487,0.248,10,-9.562,1,0.0263,0.716,0.00291,0.132,0.211,83.339,250947,3,blues
Angel Snow,Something’s Got a Hold on Me,34,0.74,0.333,4,-11.64,0,0.0274,0.00253,0.0507,0.282,0.266,110.046,188157,4,blues
Parker Millsap,Hades Pleads,48,0.568,0.632,9,-6.958,1,0.161,0.0245,0.000246,0.401,0.711,164.823,156107,4,blues
Detroit Gary Wiggins,Cobb's Blues,5,0.607,0.788,7,-3.722,0,0.0951,0.488,0.459,0.716,0.752,131.397,308453,4,blues
TORA,Cry for Me,32,0.703,0.313,9,-9.755,0,0.0484,0.667,0.00114,0.131,0.547,101.036,180583,5,blues
Songhoy Blues,Soubour,43,0.62,0.875,11,-5.957,0,0.0256,0.0159,0.374,0.344,0.903,101.872,212307,4,blues
Corey Harris,Station Blues,7,0.686,0.452,1,-13.339,1,0.0914,0.54,0.222,0.059,0.833,106.944,209467,4,blues
Coco Montoya,I Want To Shout About It,15,0.608,0.822,7,-5.039,1,0.0792,0.0757,0.0588,0.318,0.51,136.974,219413,4,blues
Tony Spinner,The Answer,40,0.676,0.648,6,-6.456,1,0.0294,0.00703,0.00137,0.113,0.889,115.964,302640,4,blues
Piers Faccini,Bring Down The Wall,28,0.454,0.387,2,-10.159,0,0.0417,0.406,0.00099,0.0783,0.686,97.995,205533,4,blues
Samba Touré,Gandadiko,17,0.41,0.447,2,-9.028,1,0.0594,0.865,0.168,0.108,0.725,207.469,264933,4,blues
The Suitcase Junket,Black Holes and Overdoses,25,0.567,0.793,5,-7.004,1,0.0368,0.324,5.27e-06,0.0742,0.441,114.972,193008,4,blues
Danny Vera,Pressure Makes Diamonds,38,0.376,0.472,1,-7.54,1,0.0307,0.0417,0.0299,0.196,0.491,168.666,209775,3,blues
Lonnie Mack,Camp Washington Chile/If You Have To Know,38,0.365,0.732,10,-11.272,1,0.0332,0.0232,0.56,0.969,0.788,124.177,454000,4,blues
The Stone Foxes,I Know Who You Are,31,0.492,0.664,11,-8.116,1,0.0679,0.00584,0.329,0.101,0.35,154.919,191904,4,blues
Stevie Ray Vaughan,Texas Flood,59,0.256,0.423,6,-11.994,1,0.035,0.000788,0.402,0.25,0.441,173.27,320907,3,blues
Shemekia Copeland,Love Song,21,0.747,0.58,11,-5.763,1,0.0275,0.159,5.54e-06,0.131,0.796,122.951,183857,3,blues
Dirtwire,Rain Gonna Fall,32,0.518,0.449,7,-11.318,1,0.0376,0.118,0.0295,0.216,0.394,119.947,230000,4,blues
Jesse Cook,I Put A Spell On You,34,0.42,0.373,1,-9.302,0,0.032,0.922,0.0376,0.101,0.322,174.311,178651,3,blues
Roy Buchanan,John's Blues,31,0.576,0.327,7,-15.424,1,0.0461,0.255,0.77,0.409,0.543,83.367,306000,3,blues
Long John Hunter,Crazy Love,30,0.47,0.401,5,-12.476,1,0.0355,0.297,0.00594,0.174,0.407,188.037,341933,3,blues
North Mississippi Allstars,Katrina,31,0.596,0.14,0,-13.349,1,0.0273,0.851,0.00198,0.0948,0.431,80.955,301320,4,blues
Rick Estrin & The Nightcats,Looking For A Woman,15,0.874,0.649,0,-6.352,0,0.0331,0.326,0.0028,0.0884,0.968,108.009,321080,4,blues
Harmonica Shah,Who's the Fool,16,0.527,0.657,6,-6.333,0,0.196,0.321,0.000152,0.591,0.556,124.075,337247,4,blues
Eric Bibb,Whole World's Got The Blues (feat. Eric Gales),41,0.636,0.495,0,-9.428,1,0.0395,0.0456,0.0823,0.106,0.536,108.23,333989,3,blues
Los Lobos,Chains Of Love,17,0.464,0.528,2,-8.528,1,0.0347,0.00119,0.000363,0.117,0.518,186.71,313627,3,blues
Dr. John,Mama Roux,42,0.84,0.393,5,-15.199,1,0.0405,0.557,2.9e-06,0.102,0.809,128.234,180600,4,blues
Seth Walker,Grab Ahold,31,0.571,0.0612,8,-11.701,1,0.0501,0.894,1.4e-06,0.112,0.377,170.27,243440,3,blues
Lonesome Sundown,My Home Is A Prison,16,0.245,0.531,9,-11.252,1,0.0424,0.394,1.53e-05,0.266,0.503,66.936,191467,4,blues
Rokia Traoré,Dounia,28,0.565,0.433,4,-12.36,0,0.0586,0.909,0.00278,0.125,0.61,88.867,380613,4,blues
Mamie Smith,Crazy Blues,39,0.436,0.178,5,-13.36,1,0.0448,0.996,0.912,0.259,0.464,111.858,202240,4,blues
Kid Bailey,Mississippi Bottom Blues,24,0.62,0.192,0,-16.345,1,0.0453,0.987,0.14,0.11,0.779,168.459,169744,4,blues
ZZ Top,Arrested for Driving While Blind,39,0.553,0.672,2,-10.917,0,0.0438,0.215,0.0127,0.103,0.582,137.414,186587,4,blues
John Campbell,Devil in My Closet,30,0.353,0.495,8,-11.503,1,0.0344,0.000119,0.0119,0.13,0.567,81.018,360600,4,blues
Ben Miller Band,Hurry Up And Wait,46,0.563,0.874,7,-6.501,1,0.0511,0.00356,0.528,0.288,0.499,122.995,183027,4,blues
Canned Heat,Let's Work Together,55,0.746,0.713,0,-11.996,1,0.0375,0.118,0.0,0.0684,0.871,118.964,193853,4,blues
Fantastic Negrito,Chocolate Samurai,46,0.739,0.669,5,-8.79,1,0.0386,0.0274,0.00464,0.123,0.547,128.26,295839,4,blues
John Lee Hooker,Boogie Chillen,54,0.679,0.367,4,-6.946,1,0.0534,0.857,0.0181,0.103,0.406,148.959,189640,4,blues
Tedeschi Trucks Band,Alabama - Live,39,0.424,0.746,9,-4.912,0,0.0368,0.366,0.000944,0.15,0.437,81.202,206672,4,blues
Dr. Feelgood,Going Back Home,31,0.386,0.764,9,-12.772,1,0.0355,0.0016,0.00258,0.295,0.706,171.713,240867,4,blues
Albert King,Crosscut Saw - Mono Mix,50,0.84,0.412,1,-14.23,1,0.056,0.0217,0.784,0.041,0.963,122.807,156398,4,blues
Joe Bonamassa,King Bee Shakedown,36,0.515,0.946,9,-4.996,1,0.0745,0.0188,0.00117,0.226,0.537,96.066,262027,4,blues
Vargas Blues Band,Blues latino,26,0.592,0.752,9,-7.309,0,0.0269,0.33,0.81,0.0545,0.379,100.038,332693,4,blues
Blodwyn Pig,It's Only Love - 2006 Remaster,29,0.44,0.757,3,-6.813,1,0.0591,0.289,0.000325,0.294,0.616,74.712,203573,4,blues
Brian Owens,A Change Is Gonna Come,41,0.619,0.405,10,-6.802,1,0.0273,0.391,5.97e-06,0.0736,0.562,128.958,276609,3,blues
Jimmy Rogers,Walking By Myself,47,0.621,0.519,11,-13.328,0,0.102,0.837,0.00246,0.162,0.775,117.005,167267,4,blues
T. Rex,Hot Love,55,0.565,0.543,11,-8.505,0,0.0376,0.0839,0.0521,0.0867,0.486,130.983,295480,4,blues
Albert Collins,T-Bone Shuffle,51,0.537,0.695,11,-9.88,1,0.0377,0.00393,0.188,0.084,0.77,131.307,295693,4,blues
Funkwrench Blues,Surfing,19,0.491,0.684,11,-6.978,0,0.0261,0.000103,0.77,0.277,0.715,94.653,165688,4,blues
Tony Spinner,Walkin' The Dawg,40,0.626,0.923,1,-4.448,1,0.0474,0.0132,0.000771,0.0331,0.845,87.377,224640,4,blues
The Temperance Movement,Love and Devotion,28,0.443,0.909,0,-3.995,1,0.031,0.0351,0.000229,0.349,0.623,90.272,203720,4,blues
The Black Keys,Lo/Hi,66,0.606,0.679,2,-7.445,1,0.0321,0.0151,0.000433,0.0962,0.707,122.016,177768,4,blues
Joe Bonamassa,Drive - Live,34,0.612,0.829,4,-10.027,0,0.0356,0.55,0.415,0.913,0.662,125.821,378973,4,blues
Joe Cocker,Feelin' Alright,62,0.535,0.824,5,-10.142,1,0.0391,0.625,0.0379,0.299,0.895,90.12,250840,4,blues
Fenton Robinson,You Don't Know What Love Is,35,0.626,0.582,6,-8.536,0,0.094,0.167,0.000222,0.304,0.911,84.727,237107,4,blues
Davell Crawford,Gather by the River,20,0.444,0.0636,10,-16.659,1,0.0367,0.982,0.00028,0.271,0.114,131.682,220000,4,blues
Keb' Mo',The Medicine Man [Feat. Old Crow Medicine Show],54,0.801,0.637,0,-6.406,1,0.0565,0.169,3.75e-05,0.0925,0.769,77.012,218360,4,blues
Muddy Waters,Mean Old Frisco Blues,37,0.686,0.757,11,-7.337,0,0.0267,0.707,0.000153,0.653,0.896,107.712,225200,4,blues
Koko Taylor,Voodoo Woman,39,0.661,0.525,5,-9.42,0,0.0382,0.369,5.76e-06,0.0943,0.964,91.601,228200,4,blues
Stevie Ray Vaughan,Pride and Joy,67,0.427,0.626,8,-11.821,1,0.0385,0.0274,0.00395,0.106,0.743,126.877,219587,4,blues
The Bones of J.R. Jones,The Drop,34,0.586,0.8,2,-6.358,1,0.0609,0.047,0.00187,0.186,0.661,88.287,196843,4,blues
John Henry Barbee,"That's All Right, Pt. 1",25,0.537,0.0765,9,-23.822,1,0.0528,0.697,9.46e-06,0.0789,0.362,183.332,220032,3,blues
Sister Rosetta Tharpe,Rock Daniel (VD129),29,0.523,0.462,10,-11.471,1,0.073,0.887,0.118,0.68,0.961,173.331,160731,4,blues
Papa Charlie Jackson,Ash Tray Blues,37,0.85,0.212,7,-16.888,1,0.0948,0.987,0.0298,0.114,0.781,121.146,178730,4,blues
Bob Corritore,Big Mama's Soul Food,18,0.421,0.9,9,-3.171,1,0.162,0.59,0.000485,0.315,0.755,130.294,249235,4,blues
Tyler Bryant & the Shakedown,Ride,37,0.482,0.845,1,-5.2,0,0.0328,0.0612,0.000719,0.357,0.698,175.774,206173,4,blues
James Cotton,Play With Your Poodle,38,0.515,0.43,7,-10.912,1,0.25,0.81,0.0069,0.126,0.624,165.888,219000,4,blues
Lazy Lester,I Made up My Mind,32,0.632,0.554,7,-10.513,1,0.0455,0.535,0.131,0.7,0.706,131.462,263059,4,blues
Sonny Boy Williamson I,Got The Bottle Up And Gone,35,0.612,0.117,9,-15.357,1,0.177,0.99,0.00031,0.0788,0.781,172.444,153260,4,blues
Jesse Roper,The Hurricane's Eye,40,0.357,0.658,9,-8.197,1,0.0621,0.0078,0.00274,0.132,0.227,164.221,215912,4,blues
Brownie McGhee,Diggin' My Potatoes,32,0.65,0.383,10,-13.074,1,0.0464,0.505,0.0,0.392,0.864,110.522,217227,4,blues
In Flames,Only for the Weak,63,0.418,0.835,0,-4.824,0,0.0449,2.33e-06,0.766,0.289,0.549,104.986,294867,4,metal
Dropdead Chaos,HUMANS,24,0.363,0.987,11,-3.849,0,0.236,8.36e-06,0.00251,0.246,0.202,200.015,290896,4,metal
Behemoth,Ov Fire and the Void,45,0.471,0.973,1,-4.35,1,0.0806,2.29e-05,0.621,0.0243,0.152,130.034,267320,4,metal
Gama Bomb,Ninja Untouchables/Untouchable Glory,32,0.469,0.995,11,-3.894,0,0.122,4.22e-05,0.577,0.263,0.298,155.019,166929,4,metal
Cryptosis,Prospect of Immortality,26,0.409,0.943,6,-6.833,1,0.0961,2.26e-05,0.73,0.216,0.167,134.997,381543,4,metal
Orden Ogan,In the Dawn of the AI,46,0.477,0.981,5,-2.916,0,0.0511,2.38e-05,0.0461,0.129,0.242,95.046,367223,4,metal
Parkway Drive,Vice Grip,59,0.48,0.988,11,-3.229,0,0.0838,3.17e-05,0.00432,0.389,0.252,124.041,263587,4,metal
Limp Bizkit,Take A Look Around,72,0.425,0.852,11,-5.607,1,0.046,0.0175,0.306,0.0935,0.512,101.968,321040,4,metal
Atreyu,Catastrophe,59,0.54,0.968,5,-3.167,1,0.0766,0.00429,1.2e-05,0.111,0.354,130.015,164867,4,metal
Corvus Corax,Hugin & Munin,42,0.43,0.757,2,-7.973,0,0.0514,0.303,0.732,0.158,0.288,132.019,311760,4,metal
Dress the Dead,Promises and Kisses,26,0.424,0.885,7,-5.997,0,0.0717,0.000915,0.000305,0.102,0.156,139.077,256664,4,metal
Satyr,Picayune,37,0.357,0.981,6,-3.452,0,0.231,0.000279,0.151,0.0986,0.202,112.493,231798,3,metal
Heilung,Krigsgaldr,54,0.624,0.597,0,-10.542,1,0.049,0.0992,0.778,0.108,0.084,119.964,538320,4,metal
Soil,Breaking Me Down,51,0.526,0.972,11,-4.149,1,0.153,0.000318,0.0,0.253,0.696,150.922,154293,4,metal
Diamond Head,It’s Electric,41,0.335,0.953,5,-3.997,0,0.166,0.000184,0.0345,0.347,0.584,171.106,198480,4,metal
Exodus,Blacklist,54,0.534,0.969,3,-3.378,1,0.0535,0.000359,0.564,0.269,0.598,75.005,376920,4,metal
Crossfaith,RedZone,47,0.405,0.943,6,-5.399,0,0.0929,7.95e-05,0.000672,0.159,0.521,175.008,227707,4,metal
Meshuggah,New Millennium Cyanide Christ,49,0.359,0.968,10,-5.168,0,0.121,0.000209,0.00309,0.148,0.154,152.511,335667,4,metal
White Zombie,More Human Than Human,61,0.673,0.911,1,-6.725,1,0.0707,0.000367,0.628,0.101,0.54,101.467,268760,4,metal
Corrosion Of Conformity,Vote with a Bullet,49,0.493,0.938,11,-6.526,1,0.105,4.7e-05,0.0339,0.0851,0.567,136.521,205507,4,metal
Mastodon,Orion,42,0.35,0.797,2,-7.091,1,0.0434,0.000154,0.801,0.0944,0.433,131.258,495591,4,metal
Wars,"High Art, Low Culture",39,0.46,0.949,9,-1.026,1,0.0751,0.00026,0.58,0.0421,0.255,142.917,158349,4,metal
Warish,Woven,35,0.346,0.948,2,-6.858,1,0.0687,0.00172,0.85,0.0675,0.282,96.15,204438,4,metal
Avenged Sevenfold,Wish You Were Here,56,0.572,0.567,7,-8.432,1,0.0298,0.00177,0.00793,0.0689,0.29,130.018,313919,4,metal
Five Finger Death Punch,When The Seasons Change,50,0.498,0.894,4,-6.628,0,0.0307,0.00142,0.0,0.0754,0.546,156.069,227309,4,metal
National Nightmare,Witch,32,0.493,0.937,9,-3.555,0,0.0884,0.0198,0.000216,0.103,0.435,155.179,290417,4,metal
3TEETH,PRESIDENT X,37,0.484,0.957,1,-5.411,1,0.108,8.33e-06,0.216,0.126,0.158,101.052,220587,4,metal
Rob Zombie,Dead City Radio And The New Gods Of Supertown,50,0.514,0.955,0,-3.865,1,0.0857,0.000434,4.41e-05,0.461,0.463,138.024,208013,4,metal
Leviathan,Fucking Your Ghost In Chains of Ice,36,0.0986,0.861,7,-6.351,1,0.0705,2.55e-06,0.934,0.672,0.137,158.397,340467,4,metal
Eradicate Me,Asymmetry,24,0.366,0.994,10,-2.364,1,0.166,0.00191,1.98e-05,0.356,0.111,160.094,193375,4,metal
Great White,Rollin' Stoned,48,0.547,0.922,9,-5.166,1,0.0605,0.00118,0.000406,0.0918,0.473,133.309,248639,4,metal
Abandoned In Destiny,Monsters,28,0.468,0.932,10,-4.85,0,0.0652,0.00026,0.0,0.508,0.422,137.964,239565,4,metal
Marilyn Manson,Deep Six,48,0.589,0.942,9,-4.058,0,0.109,0.0016,4.32e-06,0.218,0.301,133.034,302904,4,metal
Gwar,Saddam A GoGo,41,0.543,0.851,6,-8.604,1,0.088,0.00605,8.7e-05,0.498,0.486,122.155,150227,4,metal
Artillery,Khomaniac,32,0.21,0.955,0,-7.741,1,0.178,5.09e-06,0.0237,0.244,0.119,90.134,401947,4,metal
Icon of Sin,Virtual Empire,33,0.494,0.958,4,-7.765,0,0.0511,0.0361,0.000226,0.387,0.313,145.055,352943,4,metal
August Burns Red,Pangaea,57,0.195,0.991,11,-3.615,1,0.209,1.4e-05,0.0181,0.33,0.0853,96.541,270050,4,metal
Bloodbound,Rise of the Dragon Empire,49,0.417,0.891,9,-4.55,0,0.0497,0.00366,4.84e-05,0.232,0.478,74.99,276987,4,metal
Teramaze,Stone,25,0.38,0.658,1,-6.108,0,0.0294,0.00554,0.000619,0.152,0.207,95.066,315250,4,metal
Rage Against The Machine,Killing In The Name,79,0.466,0.833,7,-4.215,1,0.304,0.0266,0.0,0.0327,0.661,88.785,313573,4,metal
Vertilizar,Nobody's Favorite,26,0.426,0.961,6,-2.859,1,0.066,7.66e-06,0.18,0.118,0.344,95.0,236000,4,metal
The Hirsch Effekt,Torka,16,0.138,0.883,10,-6.656,0,0.0885,0.000273,0.283,0.159,0.116,171.903,381133,5,metal
Damageplan,Save Me,47,0.486,0.944,7,-3.924,1,0.0552,5.25e-05,0.00931,0.103,0.573,108.799,214040,4,metal
Wardruna,Skugge,47,0.226,0.653,0,-7.857,1,0.0427,0.101,0.179,0.434,0.105,100.011,398267,1,metal
blessthefall,Guys Like You Make Us Look Bad,51,0.173,0.926,2,-4.027,1,0.132,0.000713,0.043,0.291,0.0703,201.231,235640,4,metal
Parkway Drive,Sleepwalker,50,0.314,0.962,10,-4.81,0,0.191,0.000174,4.68e-05,0.093,0.298,144.125,241033,4,metal
Divitius,Lucid - Instrumental,35,0.39,0.984,5,-4.257,0,0.149,0.000719,0.566,0.153,0.0973,149.922,270400,4,metal
ERRA,House of Glass,51,0.509,0.993,6,-3.578,1,0.178,1.01e-05,0.415,0.829,0.457,130.014,260383,4,metal
Harakiri for the Sky,Us Against December Skies,46,0.165,0.946,10,-6.96,0,0.0684,1.71e-05,0.704,0.111,0.251,95.047,501093,3,metal
Tulip,Sidewinder,0,0.111,0.917,9,-3.383,0,0.067,4.36e-06,0.758,0.404,0.178,79.997,257125,3,metal
Raging Speedhorn,Thumper,39,0.277,0.821,5,-5.209,0,0.0462,7.66e-06,0.00155,0.11,0.334,103.008,156627,4,metal
Within Temptation,Entertain You,55,0.559,0.878,1,-4.341,0,0.0403,0.000471,2.19e-06,0.218,0.597,137.114,211045,4,metal
Hulkoff,Martialisk - Svitjod Edition,39,0.487,0.984,1,-4.79,1,0.161,0.000439,0.0234,0.354,0.291,120.031,225627,4,metal
Machine Head,Message in a Bottle,50,0.324,0.683,1,-9.914,0,0.0724,0.0174,0.00727,0.206,0.497,132.284,211973,4,metal
Rising Insane,Meant to Live,41,0.453,0.978,4,-5.468,0,0.0752,2.69e-05,0.000109,0.0698,0.308,141.979,233239,4,metal
Nightwish,How's the Heart?,55,0.543,0.643,2,-8.649,0,0.0278,0.00448,9.51e-06,0.111,0.272,104.006,302179,4,metal
Paradise Lost,Embers Fire,37,0.121,0.685,0,-9.661,1,0.0361,0.00103,0.0222,0.112,0.249,87.24,284360,4,metal
Make Them Suffer,Uncharted,42,0.493,0.907,0,-4.058,1,0.0716,0.000133,0.00438,0.131,0.258,120.047,292501,4,metal
Einar Selvik,Hrafnsmál - The Words of the Raven,46,0.558,0.428,1,-10.608,1,0.0284,0.065,0.00357,0.0931,0.164,110.022,320173,5,metal
Caspian,Wildblood,37,0.347,0.737,6,-6.135,0,0.0379,0.000969,0.767,0.112,0.0581,104.264,413401,4,metal
Die Krupps,Vision 2020 Vision,33,0.584,0.913,1,-3.83,1,0.041,0.0663,0.0918,0.144,0.613,100.019,263889,4,metal
Drown in Sulphur,Essence,33,0.454,0.9,0,-6.282,1,0.0866,0.000455,0.802,0.226,0.0799,120.005,241250,4,metal
Shining,The Last Stand,21,0.412,0.987,1,-2.974,0,0.127,1.67e-05,0.00661,0.204,0.239,134.965,257107,4,metal
Enterprise Earth,Foundation of Bones,32,0.425,0.937,1,-8.555,0,0.128,8.18e-05,0.44,0.0469,0.164,104.931,204000,3,metal
36 Crazyfists,Bloodwork,53,0.585,0.931,0,-4.843,1,0.0852,0.00119,2.46e-05,0.115,0.818,160.079,198600,4,metal
Helloween,Fear of the Fallen,0,0.458,0.965,4,-7.605,0,0.143,0.000227,8.62e-05,0.196,0.0709,135.048,338748,4,metal
Nachtblut,Meine Grausamkeit Kennt Keine Grenzen,21,0.574,0.989,2,-5.51,1,0.0552,0.000281,0.265,0.143,0.176,130.065,295673,4,metal
Memoremains,Lift Me Up,40,0.495,0.842,6,-5.843,0,0.0413,1.38e-05,0.000278,0.278,0.509,137.971,209045,4,metal
Karnivool,New Day,37,0.468,0.569,6,-7.134,0,0.0399,0.00549,0.0042,0.245,0.289,173.982,500760,3,metal
Mercyful Fate,Evil,50,0.282,0.905,0,-9.455,1,0.114,0.000278,0.375,0.0894,0.554,133.837,284960,4,metal
Underoath,Writing On The Walls,58,0.358,0.959,2,-3.139,0,0.0874,0.00364,0.000237,0.356,0.171,91.938,242413,4,metal
Ulver,I,40,0.149,0.908,9,-7.941,0,0.0862,1.71e-05,0.887,0.0713,0.147,143.237,471280,3,metal
Mister Misery,Ballad of the Headless Horseman,36,0.301,0.822,1,-6.918,1,0.0579,8.8e-06,0.00951,0.115,0.254,175.085,276000,4,metal
Resist The Thought,Bringer of Misery,39,0.472,0.911,7,-2.992,1,0.0523,3.93e-05,0.0188,0.124,0.224,100.04,317700,4,metal
Architects,These Colours Don't Run,47,0.233,0.967,8,-4.377,0,0.269,0.000483,0.0332,0.108,0.0603,120.738,241387,4,metal
Coheed and Cambria,Jessie's Girl 2 (feat. Rick Springfield),45,0.479,0.929,2,-4.155,1,0.0716,0.0109,0.0,0.0819,0.674,155.185,231578,4,metal
Devin Townsend,Genesis,41,0.536,0.841,9,-9.336,1,0.0912,0.00112,0.0233,0.645,0.216,128.04,365861,4,metal
Powerwolf,Beast of Gévaudan,17,0.463,0.962,1,-5.697,0,0.0712,0.000761,0.0,0.239,0.188,109.899,211893,4,metal
Silverstein,Bankrupt,57,0.428,0.922,0,-4.029,1,0.0891,0.000329,0.00257,0.149,0.296,82.907,200800,4,metal
Enslaved,Storm Son,35,0.2,0.968,1,-6.191,1,0.14,0.000734,0.548,0.0593,0.174,164.978,654427,1,metal
Kadinja,The Modern Rage,31,0.515,0.973,11,-4.272,0,0.167,2.11e-05,0.000888,0.233,0.134,129.965,246720,4,metal
Bodom After Midnight,Paint the Sky with Blood,47,0.414,0.987,0,-5.112,0,0.125,1.29e-05,0.176,0.0543,0.125,96.052,266054,4,metal
Seas on the Moon,Door to Life (2017),23,0.508,0.958,11,-4.543,1,0.0515,5.14e-06,0.742,0.509,0.317,115.002,264000,3,metal
Slipknot,Left Behind,62,0.229,0.994,6,-3.431,1,0.22,7.03e-05,0.00548,0.318,0.115,156.623,241467,4,metal
Marduk,Christraping Black Metal,36,0.195,0.983,3,-4.597,1,0.0773,1.68e-06,0.308,0.355,0.0378,93.087,225800,4,metal
In Flames,Cloud Connected,58,0.48,0.908,0,-5.466,0,0.0452,5.45e-06,0.856,0.0932,0.313,95.084,220707,4,metal
Buffalo Fuzz,Perfect Man,38,0.459,0.58,4,-9.7,1,0.0353,0.00872,0.0203,0.124,0.185,128.789,325313,4,metal
Spirit Adrift,Supernaut,32,0.425,0.925,7,-6.246,1,0.105,2.22e-05,0.0723,0.0973,0.313,118.066,282978,4,metal
Like Moths To Flames,Habitual Decline,49,0.472,0.986,6,-3.797,1,0.119,0.000113,0.000851,0.29,0.398,116.993,191548,4,metal
Abbath,Harvest Pyre,36,0.287,0.962,6,-4.235,1,0.0605,3.7e-06,0.887,0.34,0.255,173.094,252067,4,metal
Sleep,Dragonaut,53,0.352,0.65,5,-13.169,1,0.0415,0.00254,0.286,0.174,0.464,123.607,343160,4,metal
Cradle Of Filth,From the Cradle to Enslave,46,0.342,0.926,7,-6.313,0,0.0939,3.96e-05,0.683,0.186,0.0972,147.313,396829,4,metal
LEACH,Serenade (For the Broken Brave),0,0.326,0.998,1,-1.382,1,0.102,0.00234,0.0,0.417,0.139,174.91,255747,4,metal
Megadeth,No More Mr. Nice Guy,39,0.449,0.797,9,-9.724,1,0.0831,0.0053,0.268,0.0422,0.731,144.491,183360,4,metal
Knocked Loose,Deadringer,49,0.396,0.954,11,-5.249,0,0.116,0.000135,1.92e-05,0.25,0.329,157.456,180097,4,metal
Exodus,Low Rider - War Cover,38,0.413,0.973,6,-5.776,0,0.135,3.46e-05,0.71,0.104,0.684,158.193,164880,4,metal
Miss May I,Forgive And Forget,50,0.51,0.987,1,-2.375,0,0.139,0.000172,0.0,0.27,0.147,114.999,212693,4,metal
Dimmu Borgir,Puritania,49,0.303,0.969,8,-2.466,1,0.162,9.03e-05,0.844,0.417,0.163,109.384,186488,5,metal
BRIDEAR,The Moment,31,0.504,0.956,7,-2.148,1,0.129,0.000274,0.028,0.042,0.46,99.983,195222,4,metal
Kadinja,Stone of Mourning,34,0.376,0.987,2,-3.882,1,0.23,2.13e-05,8.83e-06,0.179,0.274,75.052,219700,4,metal
Mergui,תני לי רגע,36,0.504,0.735,7,-4.667,0,0.244,0.139,0.000196,0.326,0.487,100.039,173246,4,pop
Tim Atlas,Wallflower,49,0.837,0.661,2,-7.052,1,0.0402,0.446,0.014,0.227,0.891,105.002,177498,4,pop
Ben Woodward,Memories (Acoustic),52,0.802,0.183,8,-17.1,1,0.403,0.809,0.0,0.109,0.664,91.078,183338,4,pop
Miri Mesika,אשה חרסינה,28,0.526,0.622,7,-5.492,0,0.0374,0.536,1.97e-05,0.251,0.224,123.958,249852,4,pop
Omer Adam,פעם בחיים,41,0.718,0.304,9,-10.176,1,0.0688,0.772,0.0,0.141,0.556,99.788,243187,4,pop
Nick Jonas,This Is Heaven,72,0.646,0.785,2,-4.801,0,0.0545,0.0377,0.0,0.0897,0.52,100.911,214624,4,pop
Saweetie,Fast (Motion),72,0.882,0.839,4,-3.193,1,0.082,0.156,0.0,0.132,0.71,117.032,170653,4,pop
Dudu Aharon,לא יכול בלעדייך,14,0.713,0.939,5,-3.609,0,0.0372,0.11,5.88e-06,0.331,0.88,108.034,179320,4,pop
Coldplay,The Scientist,83,0.557,0.442,5,-7.224,1,0.0243,0.731,1.46e-05,0.11,0.213,146.277,309600,4,pop
Sody,butterfly,54,0.588,0.625,0,-9.502,1,0.212,0.69,4.38e-06,0.0799,0.116,121.809,189013,4,pop
Dennis Lloyd,Anxious,67,0.669,0.745,6,-7.679,0,0.118,0.051,3.98e-06,0.107,0.439,100.963,176773,4,pop
Yung Gravy,oops!,76,0.886,0.743,6,-6.797,0,0.0812,0.0358,0.000198,0.0511,0.941,131.902,139760,4,pop
Stephane Legar,Comme ci comme ca,44,0.835,0.719,10,-5.551,0,0.127,0.123,0.0,0.159,0.878,128.02,171636,4,pop
Olivia Rodrigo,"1 step forward, 3 steps back",50,0.473,0.203,2,-12.627,1,0.102,0.941,0.0,0.126,0.419,168.884,163587,4,pop
Zachary Knowles,tendency to be a loner,48,0.733,0.427,7,-8.855,1,0.0344,0.672,0.0,0.14,0.603,119.996,196647,4,pop
Camp 8,Honey,31,0.655,0.404,9,-13.216,1,0.0354,0.516,0.0107,0.112,0.0706,108.022,263659,4,pop
HANNI,Talking To Myself In The Mirror,42,0.714,0.594,11,-8.379,1,0.0404,0.246,0.00388,0.0818,0.395,101.127,173465,4,pop
Kelvyn Boy,Visa - Remix,50,0.63,0.557,1,-6.164,1,0.131,0.311,0.0,0.155,0.603,103.68,242129,4,pop
Kenichi Takemoto,Bubbles,38,0.658,0.339,10,-11.831,1,0.0459,0.473,0.0,0.115,0.357,90.013,282692,4,pop
Osaka Blue,Use Me Up,18,0.657,0.806,11,-6.665,1,0.0519,0.102,0.0157,0.106,0.748,154.848,147600,4,pop
Martin Garrix,Summer Days (feat. Macklemore & Patrick Stump of Fall Out Boy),78,0.661,0.723,5,-6.976,0,0.0566,0.179,1.23e-05,0.14,0.316,113.778,163805,4,pop
Travis Scott,Goosebumps - Remix,91,0.841,0.593,1,-7.846,1,0.0379,0.418,0.0,0.124,0.808,124.917,162803,4,pop
Gil Vain,צבעים,45,0.728,0.552,9,-8.208,0,0.0489,0.803,0.0,0.126,0.732,140.068,207545,4,pop
Five,Everybody Get Up - Radio Edit,54,0.724,0.867,0,-5.913,1,0.08,0.00145,0.0,0.135,0.681,96.015,183733,4,pop
GRAE,Spinning,46,0.641,0.857,7,-7.572,1,0.0431,0.0388,0.727,0.339,0.781,150.0,188173,4,pop
Tai Verdes,A-O-K,71,0.731,0.626,11,-6.919,1,0.0805,0.125,0.0,0.183,0.862,82.488,173640,4,pop
Nicki Minaj,LLC,60,0.836,0.756,10,-5.441,0,0.124,0.0524,0.0291,0.0606,0.803,153.989,221853,4,pop
Tion Wayne,"Body (Remix) [feat. ArrDee, E1 (3x3), ZT (3x3), Bugzy Malone, Buni, Fivio Foreign & Darkoo]",90,0.883,0.674,11,-8.043,0,0.357,0.21,0.0,0.0678,0.73,141.02,278085,4,pop
Dua Lipa,Levitating (feat. DaBaby),91,0.702,0.825,6,-3.787,0,0.0601,0.00883,0.0,0.0674,0.915,102.977,203064,4,pop
Lauv,"fuck, i’m lonely - stripped",46,0.735,0.378,9,-6.842,1,0.0488,0.209,0.0,0.0737,0.726,95.073,187333,4,pop
The Knack,My Sharona,73,0.586,0.7,0,-9.558,1,0.0363,0.0589,0.00125,0.0318,0.897,147.245,295400,4,pop
JC Stewart,Break My Heart - Piano Acoustic,58,0.448,0.247,6,-10.454,0,0.0466,0.943,3.61e-05,0.109,0.276,134.5,218293,4,pop
Cali Swag District,Teach Me How to Dougie,69,0.846,0.438,11,-4.981,1,0.141,0.2,9.43e-05,0.0939,0.512,85.013,237480,4,pop
Eyal Golan,באור גדול,54,0.595,0.489,9,-6.947,0,0.0427,0.636,0.0,0.114,0.489,139.723,190500,4,pop
Arlissa,Rules,45,0.627,0.688,1,-4.883,0,0.0682,0.171,2.29e-06,0.131,0.224,155.955,193875,4,pop
Dudu Aharon,הכל קורה בתל אביב,24,0.6,0.879,4,-3.43,0,0.129,0.266,0.0,0.096,0.697,169.977,198360,4,pop
Lil Tecca,Never Left,83,0.807,0.659,11,-6.92,1,0.332,0.0224,0.0,0.309,0.438,82.465,168727,4,pop
Duke Dumont,Alter Ego,28,0.733,0.903,8,-6.019,1,0.0627,0.00592,0.489,0.0803,0.728,124.992,205497,4,pop
Eden Ben Zaken,מנגינה,29,0.57,0.458,9,-5.935,0,0.0236,0.502,2.35e-06,0.134,0.19,93.088,217529,4,pop
LMFAO,Party Rock Anthem,73,0.751,0.736,5,-4.168,0,0.156,0.0206,0.0,0.265,0.352,130.014,262147,4,pop
ECHO,Oh My Life,23,0.675,0.548,9,-6.857,0,0.0463,0.327,0.00308,0.0699,0.0857,90.023,205333,4,pop
Ofenbach,Wasted Love (feat. Lagique),87,0.734,0.855,6,-4.578,0,0.135,0.0821,4.73e-06,0.0901,0.54,121.955,139563,4,pop
Blinky Bill,"Jam Now, Simmer Down",49,0.689,0.65,6,-8.988,1,0.265,0.148,0.443,0.44,0.547,198.077,198930,4,pop
Tesher,Jalebi Baby,77,0.68,0.895,2,-7.144,1,0.0378,0.0156,0.000374,0.145,0.824,93.037,189375,4,pop
Mc Zaac,Desce Pro Play (PA PA PA),71,0.935,0.71,11,-5.085,0,0.158,0.0769,1.92e-06,0.173,0.635,100.009,168507,4,pop
Alexander 23,Come Here and Leave Me Alone,57,0.691,0.388,1,-12.401,0,0.0537,0.767,0.00337,0.0996,0.304,117.001,186130,4,pop
Desi Valentine,One More Touch,49,0.633,0.714,4,-5.773,0,0.0476,0.00368,0.0,0.134,0.589,132.04,225909,4,pop
Nicky Jam,Muévelo,74,0.594,0.808,7,-2.409,1,0.0489,0.415,1.39e-05,0.565,0.919,188.09,194892,4,pop
Martin Garrix,We Are The People (feat. Bono & The Edge) - Official UEFA EURO 2020 Song,77,0.66,0.733,0,-4.619,1,0.0359,0.248,8.96e-06,0.17,0.304,119.933,217000,4,pop
MK,Chemical,19,0.717,0.762,9,-7.419,1,0.0398,0.0456,0.758,0.0866,0.408,122.022,162318,4,pop
Machine Gun Kelly,love race (feat. Kellin Quinn),81,0.517,0.848,10,-4.054,1,0.0521,0.00581,0.0,0.214,0.429,95.906,188779,4,pop
Omer Adam,שגרה מפוארת,46,0.783,0.398,1,-7.309,1,0.0502,0.831,0.0,0.114,0.23,122.767,172712,4,pop
Joel Corry,Head & Heart (feat. MNEK),90,0.734,0.874,8,-3.158,1,0.0662,0.168,1.14e-05,0.0489,0.905,122.953,166028,4,pop
Scarlet Pleasure,Better - Acoustic,41,0.816,0.227,9,-9.775,0,0.0544,0.871,0.0,0.0993,0.579,79.052,164351,4,pop
Spin Doctors,Two Princes,71,0.543,0.912,7,-10.71,1,0.0601,0.00162,2.1e-06,0.0565,0.836,103.731,256733,4,pop
George Bar,וואלי,19,0.648,0.872,0,-6.924,0,0.0372,0.245,5.66e-06,0.0403,0.984,164.908,276133,4,pop
Van Halen,Jump - 2015 Remaster,79,0.572,0.835,0,-6.219,1,0.0317,0.171,0.000377,0.0702,0.795,129.981,241600,4,pop
Itay Levi,חצי בשבילי,46,0.727,0.53,10,-6.599,0,0.0939,0.459,2.29e-06,0.102,0.368,93.986,203085,4,pop
Calvin Harris,Promises (with Sam Smith),78,0.781,0.768,11,-5.991,1,0.0394,0.0119,4.91e-06,0.325,0.486,123.07,213309,4,pop
Idan Amedi,גם וגם,27,0.605,0.662,2,-5.216,0,0.0347,0.452,0.0,0.0706,0.742,106.036,183347,4,pop
Tate McRae,bad ones,74,0.692,0.431,6,-11.884,1,0.0335,0.305,1.39e-05,0.132,0.327,138.925,183133,4,pop
iann dior,shots in the dark,0,0.58,0.651,6,-5.537,0,0.0459,0.0275,0.0,0.102,0.562,157.888,188584,4,pop
Young Rising Sons,Skeletons,32,0.591,0.758,8,-2.522,1,0.0317,0.0254,0.0494,0.371,0.543,97.03,197938,4,pop
La Niña De La Puebla,Los Campanilleros,34,0.417,0.222,0,-10.012,0,0.0422,0.944,0.0,0.11,0.584,74.986,197827,4,pop
James Bay,Bad,5,0.549,0.413,4,-5.588,1,0.0362,0.756,0.0,0.0939,0.291,139.984,225920,4,pop
Anson Seabra,Magazines,46,0.775,0.424,5,-12.276,1,0.0675,0.511,0.0,0.123,0.191,114.95,220050,4,pop
Mergui,לא יוצא למסיבות,47,0.818,0.553,0,-5.694,1,0.0882,0.107,4.24e-06,0.118,0.842,118.043,199322,4,pop
Ladytron,Seventeen,70,0.642,0.794,8,-7.908,1,0.0309,6.98e-05,0.348,0.146,0.785,119.55,277867,4,pop
T-Pain,Up Down (Do This All Day) (feat. B.o.B),73,0.777,0.497,5,-6.846,0,0.056,0.256,0.0,0.295,0.465,96.994,231093,4,pop
Concha Piquer,A la lima y al limón - Remastered,27,0.554,0.395,0,-11.648,1,0.107,0.967,5.95e-05,0.378,0.765,82.882,195779,4,pop
Maren Morris,The Bones,75,0.561,0.597,11,-6.0,0,0.0405,0.286,0.0,0.0979,0.355,76.826,197299,4,pop
Winona Oak,Piano In The Sky,58,0.5,0.28,7,-10.764,0,0.0404,0.88,2.6e-06,0.102,0.0832,92.457,190253,4,pop
Itay Levi,חסרה לי בנוף,31,0.559,0.745,1,-5.775,0,0.081,0.43,0.0,0.105,0.213,147.155,202449,4,pop
The Darkness,I Believe in a Thing Called Love,69,0.442,0.846,4,-5.214,1,0.0764,0.0538,4.71e-06,0.282,0.622,128.235,217653,4,pop
Justin Bieber,Hold On,89,0.658,0.634,1,-5.797,0,0.0413,0.0106,0.0,0.132,0.29,139.98,170813,4,pop
Kali Uchis,telepatía,94,0.653,0.524,11,-9.016,0,0.0502,0.112,0.0,0.203,0.553,83.97,160191,4,pop
Arlo Parks,Caroline,60,0.596,0.576,10,-7.955,1,0.0388,0.376,0.0904,0.107,0.485,160.176,216933,4,pop
Ryan Woods,King of the Basement,52,0.522,0.577,7,-6.688,0,0.0319,0.0671,0.000215,0.288,0.662,80.989,264821,3,pop
Lit,My Own Worst Enemy,72,0.494,0.946,4,-2.757,1,0.0637,0.00129,0.0,0.398,0.741,103.408,169027,4,pop
Ishay Levi,ליסה ליסה,26,0.678,0.573,0,-9.115,0,0.0288,0.348,0.0,0.111,0.757,100.497,242800,4,pop
Dudu Aharon,בייבי,18,0.743,0.701,1,-6.362,0,0.0508,0.101,0.0,0.0493,0.721,95.984,211321,4,pop
All Time Low,Once In A Lifetime,68,0.492,0.911,1,-3.891,0,0.113,0.015,0.0,0.345,0.429,168.024,189543,4,pop
LOVA,Lonely Ones,56,0.643,0.407,2,-7.36,1,0.102,0.613,0.0,0.147,0.47,143.786,187552,4,pop
Moshe Peretz,כוס של יין,42,0.793,0.782,2,-6.585,1,0.0524,0.16,0.0,0.0645,0.707,112.079,196495,4,pop
Eden Hason,שקיעות אדומות,58,0.585,0.394,6,-9.016,0,0.0321,0.676,0.0,0.119,0.345,84.018,212963,4,pop
Eyal Golan,שקרים,33,0.461,0.597,6,-4.821,0,0.0312,0.124,0.0,0.107,0.296,149.77,225133,4,pop
Jubël,Dumb,60,0.728,0.636,5,-5.824,1,0.0366,0.194,2.57e-05,0.515,0.433,124.023,192848,4,pop
Rihanna,Desperado,76,0.685,0.61,0,-5.221,0,0.0439,0.323,0.0,0.102,0.323,94.384,186467,3,pop
Daya,First Time,65,0.552,0.628,0,-6.897,1,0.292,0.701,1.9e-05,0.399,0.672,101.928,146910,4,pop
Will Paquin,Chandelier,62,0.331,0.5,2,-9.119,0,0.0514,0.677,6.61e-06,0.116,0.421,86.963,127465,4,pop
The Script,The Last Time - Acoustic,48,0.627,0.628,5,-5.111,1,0.0295,0.102,0.0,0.121,0.296,132.021,196534,4,pop
Antonita Romero,Las Cosas Del Querer (Original Mix),25,0.604,0.67,1,-11.053,1,0.0428,0.767,0.361,0.0948,0.97,100.492,106789,4,pop
Megan Davies,New Eyes - Acoustic,53,0.767,0.26,0,-9.315,1,0.0365,0.817,0.0,0.125,0.718,100.054,173400,4,pop
Runtown,Luva Luva,47,0.769,0.752,2,-5.164,0,0.102,0.11,0.00191,0.181,0.431,98.018,158981,4,pop
Justin Bieber,There She Go (feat. Lil Uzi Vert),73,0.725,0.716,9,-5.448,1,0.0349,0.00945,0.0,0.119,0.904,150.074,215020,4,pop
Brent Faiyaz,"Gravity (feat. Tyler, The Creator)",79,0.539,0.615,1,-8.746,0,0.252,0.173,0.0056,0.144,0.493,163.924,214693,4,pop
Nick Waterhouse,Say I Wanna Know,34,0.463,0.57,4,-6.573,0,0.0864,0.459,0.0,0.091,0.628,62.411,249907,4,pop
Omer Adam,קוקוריקו,51,0.787,0.497,10,-7.728,0,0.0396,0.56,0.0,0.304,0.504,111.991,171000,4,pop
Adele,Rolling in the Deep,77,0.73,0.769,8,-5.114,1,0.0298,0.138,0.0,0.0473,0.507,104.948,228093,4,pop
Phantom Planet,California - Tchad Blake Mix,64,0.4,0.805,4,-7.305,1,0.0407,0.0387,5.4e-05,0.109,0.324,158.459,193933,4,pop
Lethal Bizzle,Pow (Forward),43,0.535,0.771,1,-8.135,1,0.393,0.00389,0.0,0.37,0.487,137.766,181520,4,hiphop
Aretha Franklin,Jump to It,42,0.823,0.611,8,-8.899,0,0.136,0.127,4.08e-06,0.206,0.872,119.569,401267,4,hiphop
Remy Ma,Whuteva,41,0.684,0.864,1,-5.081,0,0.227,0.0668,0.0,0.358,0.657,100.624,226067,4,hiphop
Buckshot LeFonque,Breakfast At Denny's,42,0.76,0.65,7,-9.233,1,0.189,0.00805,0.524,0.0772,0.581,87.433,354640,4,hiphop
Preditah,Sword,16,0.53,0.308,1,-11.618,0,0.424,0.292,0.83,0.0837,0.346,212.049,306880,3,hiphop
Kodak Black,Z Look Jamaican,67,0.953,0.466,1,-6.297,1,0.0572,0.0381,0.0,0.0916,0.584,123.044,156113,4,hiphop
Lil Muk,Living Life (feat. Lil Baby & YXNG K.A.),45,0.723,0.621,11,-7.495,0,0.373,0.0523,0.0,0.12,0.34,91.947,178280,4,hiphop
Tuna,רוק 30,45,0.515,0.841,3,-7.014,0,0.192,0.167,8.2e-06,0.0768,0.608,86.85,277241,4,hiphop
DaBaby,Masterpiece,79,0.781,0.726,0,-4.213,1,0.0836,0.0299,0.0,0.093,0.436,139.988,181714,4,hiphop
Erica Banks,Buss It (feat. Travis Scott),70,0.898,0.529,9,-5.428,1,0.2,0.0699,0.0,0.536,0.8,110.032,188963,4,hiphop
The Game,Dreams,58,0.63,0.78,6,-5.353,1,0.221,0.00499,0.0,0.206,0.281,155.779,286453,4,hiphop
Larry June,Wait On Me,53,0.439,0.854,3,-7.005,0,0.383,0.285,0.0,0.0823,0.586,148.73,192000,4,hiphop
Guru,Feel The Music,51,0.774,0.601,1,-10.588,0,0.118,0.0241,0.00312,0.285,0.854,100.357,237122,4,hiphop
Central Cee,Loading,77,0.85,0.68,3,-6.18,0,0.338,0.732,0.0,0.0964,0.694,144.006,173333,1,hiphop
24kGoldn,Company (feat. Future),79,0.831,0.727,8,-3.657,0,0.169,0.447,0.0,0.111,0.703,125.068,213080,4,hiphop
Roll Deep,When I'm 'Ere,42,0.554,0.922,11,-3.304,0,0.269,0.394,0.0,0.155,0.678,137.105,184840,4,hiphop
Yung Raja,Mami,50,0.915,0.641,10,-8.739,0,0.188,0.00941,1.73e-06,0.111,0.77,139.97,178286,4,hiphop
P Money,This Year,54,0.824,0.634,2,-8.894,1,0.164,0.0193,0.0,0.12,0.229,139.975,178639,4,hiphop
Post Malone,Enemies (feat. DaBaby),77,0.542,0.674,6,-4.169,1,0.21,0.0588,0.0,0.0955,0.667,76.388,196760,4,hiphop
BROCKHAMPTON,BUZZCUT (feat. Danny Brown),66,0.717,0.758,2,-5.576,0,0.268,0.0791,7.08e-06,0.293,0.252,91.983,201160,4,hiphop
The Alchemist,Nobles (feat. Earl Sweatshirt & Navy Blue),59,0.405,0.519,1,-9.859,1,0.0899,0.434,0.0,0.684,0.186,115.776,136893,5,hiphop
Joyner Lucas,Ramen & OJ,82,0.597,0.571,1,-6.205,0,0.293,0.492,0.0,0.093,0.165,106.196,218448,3,hiphop
Talib Kweli,I Try,38,0.732,0.687,11,-6.866,0,0.0765,0.000659,0.00117,0.255,0.474,96.74,265107,4,hiphop
Future,Drankin N Smokin,79,0.752,0.658,0,-6.297,1,0.342,0.0421,0.0,0.0927,0.387,151.951,213520,4,hiphop
Hadag Nahash,הכאפה המצלצלת,25,0.804,0.77,10,-6.699,0,0.0438,0.00203,2.04e-05,0.0591,0.873,159.988,223560,4,hiphop
Cam’ron,Horse & Carriage (feat. Mase),46,0.879,0.423,1,-10.511,1,0.257,0.0133,0.000233,0.155,0.586,99.737,241533,4,hiphop
Rowdy Rebel,9 Bridge,68,0.642,0.589,5,-7.392,0,0.302,0.124,0.0,0.0868,0.72,95.543,147963,5,hiphop
DMX,X Gon' Give It To Ya,78,0.761,0.899,10,-3.09,0,0.183,0.0135,0.0,0.0719,0.673,95.027,217587,4,hiphop
Kalan.FrFr,Never Lose You,56,0.561,0.598,11,-8.339,0,0.0882,0.395,0.0,0.108,0.477,97.697,181867,4,hiphop
Peled,זה לא מעניין אותי,31,0.825,0.726,10,-6.953,0,0.265,0.241,0.0,0.122,0.389,133.006,188295,4,hiphop
Latto,The Biggest,14,0.55,0.589,1,-6.656,1,0.449,0.0999,0.0,0.714,0.265,96.237,143333,5,hiphop
Arrested Development,People Everyday,61,0.843,0.508,10,-13.918,1,0.221,0.00852,2.1e-06,0.648,0.704,91.094,298773,4,hiphop
Guvna B,Very Original,6,0.831,0.636,3,-8.827,0,0.346,0.389,0.0,0.0925,0.749,134.923,188443,4,hiphop
Outkast,"So Fresh, So Clean",70,0.725,0.64,5,-7.905,0,0.332,0.0281,0.0,0.099,0.915,166.028,240027,3,hiphop
Soulja Boy,She Make It Clap,74,0.941,0.471,1,-13.087,1,0.494,0.0308,0.00838,0.0837,0.487,119.898,111550,4,hiphop
Moneybagg Yo,Wockesha,75,0.582,0.537,0,-9.229,1,0.619,0.129,0.0,0.0749,0.771,82.103,180930,4,hiphop
Mike Crigs,Moving Fast (feat. Jared Anthony),40,0.639,0.641,8,-6.187,1,0.037,0.227,0.0,0.104,0.665,124.953,144000,4,hiphop
PnB Rock,Rose Gold (feat. King Von),66,0.574,0.623,0,-5.096,0,0.191,0.184,0.0,0.103,0.529,79.993,192000,4,hiphop
Margaret Walker,Ballad for Phyllis Wheatley,4,0.697,0.0545,0,-25.831,1,0.678,0.596,0.0,0.548,0.312,132.476,144213,3,hiphop
Brakeman,Jeepers Creepers,25,0.329,0.928,11,-3.435,1,0.346,0.026,0.0,0.276,0.338,83.293,198857,5,hiphop
Lil Gotit,Burnt N Turnt,64,0.943,0.537,10,-6.855,0,0.256,0.342,0.0,0.19,0.59,122.008,184918,4,hiphop
Day Sulan,Bailar,58,0.852,0.535,7,-5.94,0,0.0896,0.439,8.18e-05,0.246,0.483,103.007,205056,4,hiphop
Ravid Plotnik,ממשלה זה פשע מאורגן (נצ'י נצ'),31,0.475,0.499,5,-7.569,0,0.0681,0.279,3.58e-05,0.453,0.338,109.689,209853,1,hiphop
Bun B,Get Throwed,56,0.704,0.803,7,-4.77,1,0.351,0.165,0.0,0.54,0.529,124.087,233840,4,hiphop
BlueBucksClan,Lil League (feat. Quavo & Hit-Boy),54,0.828,0.489,1,-5.644,1,0.238,0.0124,0.0,0.0721,0.136,98.002,129796,3,hiphop
The Sequence,Funk You Up - 12'' Version,24,0.921,0.768,0,-5.735,1,0.311,0.507,0.000738,0.053,0.775,103.713,652320,4,hiphop
SOB X RBE,Paramedic!,67,0.856,0.652,1,-5.324,1,0.143,0.177,0.0,0.193,0.471,97.017,219307,4,hiphop
DJ Scream,"Hood Rich Anthem (feat. 2 Chainz, Future, Waka Flocka Flame, Yo Gotti & Gucci Mane)",32,0.73,0.829,2,-4.11,1,0.191,0.137,0.0,0.37,0.54,135.914,192533,4,hiphop
42 Dugg,Maybach (feat. Future),21,0.506,0.473,5,-9.79,1,0.331,0.0229,0.0,0.15,0.199,100.535,199086,5,hiphop
Lil Baby,Real As It Gets (feat. EST Gee),80,0.779,0.705,6,-5.891,0,0.163,0.00471,0.0,0.0971,0.196,140.005,192804,4,hiphop
Gucci Mane,Jumped Out the Whip (feat. A$AP Rocky),43,0.811,0.46,2,-5.924,1,0.351,0.0694,0.0,0.13,0.4,141.937,216373,4,hiphop
Jack Harlow,Already Best Friends (feat. Chris Brown),77,0.873,0.575,10,-7.284,0,0.0702,0.0891,0.0,0.108,0.872,103.005,197031,4,hiphop
Godfather Don,Watching You,44,0.876,0.5,11,-8.274,0,0.298,0.155,0.0,0.107,0.559,106.096,207993,4,hiphop
Yung Baby Tate,I Am (feat. Flo Milli),73,0.932,0.835,1,-3.905,1,0.156,0.105,0.0,0.0847,0.926,144.02,182465,4,hiphop
Tuna,לא מהם,36,0.726,0.573,9,-9.448,0,0.286,0.401,1.19e-05,0.291,0.545,169.951,135741,4,hiphop
Saucy Santana,Walk,53,0.937,0.684,10,-5.634,0,0.215,0.00129,4.12e-05,0.0718,0.496,100.029,143977,4,hiphop
JayDaYoungan,Spot Em,52,0.653,0.628,5,-8.446,0,0.382,0.212,0.0,0.0945,0.809,164.861,170917,4,hiphop
Amit Ulman,אלוהים בג'ימייל (געגועים),20,0.602,0.732,11,-7.194,0,0.299,0.357,0.0,0.106,0.662,80.892,308689,4,hiphop
Time Zone,Wildstyle,26,0.805,0.942,10,-8.607,0,0.0767,0.189,0.254,0.103,0.697,111.876,498827,4,hiphop
Jalen Santoy,Mad Nice,41,0.806,0.741,0,-7.535,1,0.209,0.278,0.0,0.0985,0.286,105.022,148793,4,hiphop
THE SCOTTS,THE SCOTTS,82,0.716,0.537,0,-7.648,0,0.0514,0.233,0.0,0.157,0.28,129.979,165978,4,hiphop
G-Eazy,Provide (feat. Chris Brown & Mark Morrison),75,0.652,0.803,9,-4.116,0,0.238,0.0165,0.0,0.307,0.661,95.025,186350,4,hiphop
XXXTENTACION,Revenge,77,0.746,0.251,11,-16.169,0,0.259,0.782,0.00203,0.106,0.18,139.999,120027,4,hiphop
Queen Latifah,Ladies First,42,0.846,0.795,11,-9.984,1,0.28,0.0572,0.0,0.307,0.874,107.319,238693,4,hiphop
Ravid Plotnik,כפרה שלי,46,0.67,0.331,4,-13.178,0,0.195,0.73,0.0,0.104,0.853,160.016,261907,4,hiphop
Babyface Ray,A Million Cash Race,51,0.627,0.681,1,-4.468,1,0.366,0.0881,0.0,0.378,0.369,173.143,122916,4,hiphop
K-Trap,Warm,57,0.883,0.658,7,-6.162,1,0.31,0.371,0.0,0.134,0.658,143.028,152323,4,hiphop
Yung Baby Tate,Eenie Meenie,66,0.884,0.639,1,-6.832,0,0.246,0.111,1.66e-06,0.608,0.625,100.049,142176,4,hiphop
Shekel,ילד עיקש,25,0.833,0.727,2,-5.387,1,0.198,0.0485,0.0,0.12,0.414,104.985,188047,4,hiphop
Benaddict,Home - Village Live,40,0.534,0.516,9,-9.877,1,0.163,0.225,0.00433,0.138,0.693,89.358,269982,4,hiphop
Master P,Make 'Em Say Ugh,55,0.601,0.73,6,-6.88,0,0.464,0.0121,0.0,0.229,0.371,83.233,306467,4,hiphop
Lil Poppa,Mask On,52,0.758,0.631,11,-6.645,0,0.43,0.13,0.0,0.164,0.25,139.925,164752,4,hiphop
Slimelife Shawty,Clappers (feat. 42 Dugg),56,0.827,0.513,1,-8.109,0,0.335,0.0131,0.0,0.0823,0.249,133.005,202588,4,hiphop
Nicki Minaj,Seeing Green (with Drake & Lil Wayne),80,0.573,0.867,5,-2.876,0,0.168,0.0853,0.0,0.38,0.231,74.861,339506,4,hiphop
SR,Practice Makes Perfect,70,0.801,0.633,4,-7.069,1,0.293,0.102,0.0,0.354,0.945,139.931,167143,4,hiphop
Tzaguy Boy,קל לדבר,27,0.626,0.542,4,-10.268,1,0.0933,0.257,2.75e-05,0.103,0.637,105.012,201143,4,hiphop
Taliifah,Karma,24,0.628,0.777,9,-5.642,1,0.208,0.254,0.0,0.0905,0.452,72.346,165517,4,hiphop
Ying Yang Twins,Wait (The Whisper Song),59,0.933,0.513,7,-13.203,1,0.347,0.00112,0.00248,0.107,0.595,102.017,179160,4,hiphop
Fumez The Engineer,M24 x Fumez the Engineer - Plugged In,68,0.805,0.622,1,-9.597,1,0.386,0.106,0.0,0.0973,0.774,148.093,152432,4,hiphop
Sleepy Hallow,2055,72,0.775,0.518,6,-5.857,0,0.311,0.455,0.0,0.121,0.646,161.011,123987,4,hiphop
Nati Hassid,ילד גבר,24,0.693,0.699,0,-5.763,0,0.433,0.0964,0.0,0.334,0.765,185.919,198516,4,hiphop
Cohen@Mushon,Hype,21,0.634,0.942,7,-1.765,1,0.387,0.291,0.0,0.463,0.739,91.069,215625,4,hiphop
Darq E Freaker,Red Velvet,9,0.654,0.901,9,-2.066,0,0.0504,0.0011,0.25,0.349,0.669,140.004,194943,4,hiphop
Young M.A,Don Diva,16,0.82,0.726,8,-4.572,1,0.296,0.023,0.0,0.139,0.631,176.189,183515,4,hiphop
SZA,Good Days,89,0.436,0.655,1,-8.37,0,0.0583,0.499,8.1e-06,0.688,0.412,121.002,279204,4,hiphop
הלם תרבות,אלף קנאים,23,0.753,0.722,10,-5.348,0,0.305,0.533,0.0,0.599,0.858,92.152,260543,4,hiphop
Bizzy Banks,City Hot,50,0.779,0.755,11,-4.132,1,0.298,0.143,0.0,0.485,0.414,139.933,141912,4,hiphop
Narkis,ממה אתה בורח,36,0.702,0.763,2,-5.237,0,0.0518,0.0175,1.91e-05,0.189,0.6,103.004,223511,4,hiphop
Hadag Nahash,סע!,40,0.83,0.819,1,-4.78,0,0.0686,0.00741,5.45e-06,0.134,0.846,113.002,228117,4,hiphop
Eminem,"Lose Yourself - From ""8 Mile"" Soundtrack",76,0.686,0.735,2,-4.616,1,0.264,0.00921,0.00066,0.342,0.0596,171.355,322227,4,hiphop
EllMatic,Before It's Over,36,0.824,0.348,11,-11.937,0,0.462,0.28,0.0,0.0986,0.897,90.978,190549,4,hiphop
Anoyd,World On Silent,43,0.669,0.727,1,-4.98,1,0.204,0.0177,0.0,0.0753,0.601,131.028,195918,5,hiphop
KA$HDAMI,Look N The Mirror!,68,0.68,0.679,11,-9.303,0,0.323,0.868,2.14e-06,0.0981,0.657,95.998,85521,3,hiphop
Promoting Sounds,Memory,66,0.748,0.694,1,-7.616,1,0.0861,0.0616,0.000167,0.331,0.197,115.044,134609,4,hiphop
Ace Hood,Hustle Hard Remix,46,0.831,0.74,1,-3.723,1,0.152,0.00557,0.0,0.316,0.21,140.041,285800,4,hiphop
Jeru The Damaja,Ya Playin' Yaself,53,0.858,0.767,7,-8.645,1,0.302,0.00666,0.0,0.0489,0.753,91.522,226800,4,hiphop
Moneybagg Yo,Wockesha,75,0.582,0.537,0,-9.229,1,0.619,0.129,0.0,0.0749,0.771,82.103,180930,4,hiphop
Kai Ca$h,Gilmore,36,0.723,0.598,11,-8.146,0,0.215,0.489,0.0,0.168,0.641,139.929,180271,4,hiphop
TheHxliday,MiSSed Calls,45,0.704,0.491,8,-6.831,1,0.0591,0.0266,0.0,0.338,0.123,137.036,247080,4,hiphop
Denzel Curry,So.Incredible.pkg [Robert Glasper Version Feat. Smino],56,0.66,0.816,10,-5.993,0,0.366,0.383,0.0,0.414,0.853,88.323,195630,4,hiphop
AlienBlaze,Hate Me,34,0.708,0.307,1,-15.327,1,0.0669,0.783,0.000321,0.0894,0.192,107.953,166139,4,indie
Death Cab for Cutie,Waterfalls,0,0.483,0.436,8,-8.734,1,0.0389,0.663,0.000586,0.103,0.241,171.842,264160,4,indie
The Jesus and Mary Chain,April Skies,54,0.545,0.717,3,-6.869,1,0.036,0.00417,0.406,0.136,0.589,118.515,239621,4,indie
The Catheters,Nothing,38,0.198,0.964,0,-3.874,1,0.21,0.000245,0.00321,0.172,0.191,163.424,214467,4,indie
Annie Taylor,Where The Grass Is Greener,25,0.625,0.728,9,-8.276,1,0.0263,0.0553,0.466,0.129,0.868,110.005,221389,4,indie
COOL BOY,The Weekend,27,0.432,0.588,10,-11.736,1,0.0512,0.089,0.00794,0.19,0.378,171.909,199206,4,indie
Leon Bridges,Motorbike,67,0.721,0.485,5,-11.213,0,0.0681,0.158,0.275,0.107,0.614,150.027,188617,4,indie
Baltra,Baby,31,0.71,0.875,6,-6.983,1,0.0426,0.366,0.421,0.164,0.582,123.01,318680,4,indie
Carlos Cipa,Surges (variation),47,0.41,0.0123,0,-29.161,0,0.0419,0.993,0.9,0.0871,0.0355,119.505,320000,4,indie
C. Diab,Love,62,0.709,0.57,4,-9.574,0,0.352,0.9,0.0,0.0784,0.605,80.003,150073,4,indie
Travis,Baby One More Time - In Session,41,0.532,0.347,2,-8.946,1,0.031,0.746,0.0,0.675,0.25,170.171,212400,4,indie
Alvvays,"Archie, Marry Me",62,0.27,0.83,7,-4.592,1,0.0741,0.00956,0.434,0.142,0.205,117.314,196560,4,indie
Koevary,שבלונה,20,0.621,0.787,6,-5.149,0,0.0383,0.0199,0.0,0.566,0.589,128.941,187827,4,indie
Weezer,Say It Ain't So,4,0.635,0.551,3,-7.136,1,0.0354,0.00743,1.82e-05,0.07,0.451,151.779,258827,4,indie
BarbWalters,Emotions,20,0.685,0.908,10,-8.086,0,0.157,0.0144,0.000129,0.252,0.688,120.056,216000,4,indie
The Ting Tings,Shut Up and Let Me Go,54,0.852,0.927,7,-4.497,1,0.0581,0.0109,0.00268,0.054,0.887,107.993,171227,4,indie
Biffy Clyro,End Of,42,0.474,0.956,2,-4.442,0,0.0809,0.00124,0.000597,0.114,0.589,168.148,277427,3,indie
Sports Team,Going Soft,37,0.566,0.882,2,-3.597,1,0.0372,0.00112,0.00877,0.0552,0.814,134.973,203400,4,indie
Sheygets,מרלין מונרו,31,0.375,2.03e-05,1,-4.593,1,0.0638,0.221,0.000252,0.133,0.123,105.77,790093,4,indie
chloe moriondo,I Want To Be With You,1,0.746,0.434,4,-6.981,1,0.0388,0.0222,8.21e-06,0.101,0.389,119.974,178373,4,indie
Hotel Pools,Lynx,41,0.635,0.574,11,-9.485,1,0.067,0.0564,0.38,0.103,0.558,171.99,201933,4,indie
PRONOUN,I WANNA DIE BUT I CAN’T (CUZ I GOTTA KEEP LIVING),47,0.505,0.928,5,-5.457,0,0.0319,0.000193,0.134,0.205,0.513,138.023,170080,4,indie
The Sanctuary,hold on,0,0.704,0.81,0,-6.398,0,0.0583,0.0482,0.735,0.0768,0.27,127.001,208897,4,indie
Sarah Hennies,Growing Block,6,0.31,0.23,7,-28.322,0,0.203,0.799,0.109,0.349,0.115,77.047,430577,5,indie
Patricia Brennan,Improvisation VI,2,0.33,0.0679,1,-24.253,1,0.0671,0.951,0.945,0.111,0.0342,105.612,200235,4,indie
Luna Delirious,Valentine,43,0.361,0.231,4,-9.684,0,0.0375,0.924,0.0,0.17,0.359,167.544,130339,4,indie
Faraway Friends,Spring,36,0.697,0.567,7,-7.628,1,0.0686,0.336,0.000176,0.193,0.168,94.991,194480,4,indie
Cassandra Jenkins,Michelangelo,42,0.564,0.368,7,-10.228,1,0.0281,0.587,0.681,0.18,0.544,139.01,209837,4,indie
Ganser,Self Service - Adam Faulkner / Girl Band Remix,9,0.185,0.865,9,-10.522,1,0.0576,0.000632,0.807,0.112,0.0789,84.031,207465,3,indie
L.A. WITCH,True Believers,28,0.26,0.837,9,-3.526,1,0.0455,0.00172,0.685,0.0604,0.486,185.972,121560,4,indie
Massive Attack,Paradise Circus,62,0.81,0.591,8,-13.385,1,0.0638,0.414,0.799,0.072,0.297,136.028,297775,4,indie
Aura Blum,Dolor,29,0.533,0.562,6,-6.664,0,0.0247,0.526,0.616,0.182,0.278,103.055,196408,4,indie
The Brian Jonestown Massacre,Bout des doigts,44,0.508,0.902,6,-6.886,0,0.03,0.00131,0.796,0.111,0.557,103.71,426332,4,indie
Robert Robert,La nuit se plaindre,35,0.681,0.698,8,-7.384,0,0.0914,0.5,1.96e-05,0.277,0.697,94.059,252630,4,indie
Slow Pulp,Steel Birds,39,0.581,0.432,2,-7.305,1,0.0262,0.461,0.00127,0.0972,0.253,140.062,203500,4,indie
Tupperwave,Hotel Euphoria,36,0.587,0.649,5,-8.013,1,0.0379,0.0689,0.000135,0.772,0.578,120.259,68034,4,indie
Mexican Institute Of Sound,El Antídoto,37,0.638,0.688,7,-7.672,1,0.161,0.0936,0.000159,0.116,0.59,172.203,181768,4,indie
Slowdive,Alison,60,0.276,0.449,4,-11.428,1,0.0375,0.00782,0.783,0.108,0.278,101.687,230987,4,indie
St. Vincent,The Melting Of The Sun,61,0.52,0.463,10,-10.429,1,0.0958,0.609,0.0014,0.426,0.469,159.931,257520,4,indie
Arca,KLK,52,0.798,0.873,10,-6.732,0,0.0908,0.064,5.17e-05,0.764,0.846,98.017,227402,4,indie
Bat For Lashes,Daniel,55,0.593,0.658,8,-8.393,0,0.0364,0.0118,0.0204,0.137,0.422,135.053,251120,4,indie
The Temper Trap,Sweet Disposition,70,0.542,0.813,2,-6.89,1,0.0429,0.0765,0.252,0.116,0.305,129.09,234360,4,indie
Calica,Little Girl,47,0.58,0.712,2,-8.514,1,0.0318,0.611,2.27e-05,0.196,0.33,110.007,202909,4,indie
bl00dwave,Far from Here,24,0.477,0.585,8,-8.717,1,0.0394,0.411,0.255,0.12,0.0337,170.022,191993,4,indie
joey maxwell,too much,33,0.608,0.844,3,-7.486,1,0.0437,0.311,0.0264,0.0982,0.499,136.1,172813,4,indie
IDLES,Danny Nedelko,52,0.402,0.931,6,-4.455,1,0.0562,0.000277,0.00403,0.243,0.32,102.185,204844,4,indie
Broken Bells,The High Road,65,0.61,0.638,0,-6.574,1,0.0238,0.0672,6.59e-06,0.283,0.603,79.955,232200,4,indie
Appleby,Half Life,0,0.662,0.861,1,-5.462,1,0.0453,0.00446,0.0654,0.122,0.38,152.012,187759,4,indie
Waxahatchee,Fire,55,0.5,0.451,7,-11.81,1,0.0529,0.674,6.93e-06,0.138,0.186,84.566,217373,4,indie
The White Stripes,Fell In Love With A Girl,71,0.323,0.982,9,-1.742,0,0.113,0.706,5.93e-05,0.853,0.365,95.517,110093,4,indie
Justice,D.A.N.C.E.,66,0.613,0.962,6,-5.07,0,0.278,0.034,0.0,0.824,0.496,113.015,242267,4,indie
CHVRCHES,He Said She Said,56,0.574,0.625,7,-6.249,1,0.0304,0.0366,0.000243,0.114,0.281,126.923,189385,4,indie
The Neighbourhood,Lost in Translation,64,0.568,0.891,0,-5.786,1,0.0376,0.000896,0.000137,0.357,0.522,104.954,190227,4,indie
The OBGMs,Outsah,32,0.46,0.949,7,-5.59,1,0.084,0.00141,0.304,0.234,0.214,146.051,113752,4,indie
Softcult,Take It Off,47,0.646,0.669,6,-7.31,0,0.0275,0.0148,0.000115,0.373,0.484,114.999,191685,4,indie
Pulp,Disco 2000,65,0.565,0.902,7,-7.579,0,0.0725,0.0132,0.0,0.0561,0.544,133.11,273573,4,indie
Psychic Ills,I Don't Mind,41,0.191,0.376,1,-9.946,1,0.0341,0.47,0.775,0.104,0.194,159.53,280720,3,indie
Yelle,Noir - Radio Edit,42,0.848,0.496,6,-7.738,1,0.0647,0.00079,0.00843,0.0777,0.903,121.047,161653,4,indie
Future Islands,For Sure,59,0.587,0.766,10,-5.735,1,0.0305,0.0406,0.249,0.0833,0.758,134.977,205246,4,indie
Yeah Yeah Yeahs,Heads Will Roll,67,0.562,0.903,8,-4.46,0,0.0296,0.000187,0.0939,0.298,0.791,132.009,221000,4,indie
Petey,California (Prius Edition),37,0.679,0.246,2,-13.997,1,0.0423,0.91,0.0011,0.0765,0.216,115.114,238880,4,indie
Metronomy,Lately,53,0.669,0.674,8,-7.891,1,0.0603,0.0455,0.146,0.112,0.313,160.023,194640,4,indie
The Marías,Hush,65,0.846,0.431,5,-6.549,0,0.0351,0.071,0.176,0.0861,0.684,93.038,181893,4,indie
Still Woozy,Goodie Bag,77,0.739,0.522,7,-12.304,0,0.151,0.821,0.00124,0.233,0.619,138.263,146390,4,indie
Beach Bunny,Cloud 9,86,0.637,0.929,4,-3.593,1,0.0491,0.00167,2.62e-05,0.344,0.902,80.974,147351,4,indie
Let's Eat Grandma,Hot Pink,44,0.716,0.552,0,-6.927,0,0.0863,0.202,0.0,0.0942,0.181,103.002,248977,4,indie
Jessie Ware,Please - Single Edit,63,0.665,0.69,7,-7.275,1,0.0369,0.0325,0.0147,0.116,0.454,120.032,219933,4,indie
Jay Arner,Earth to Jay,32,0.793,0.469,11,-8.108,1,0.0579,0.0538,0.149,0.104,0.939,101.995,240573,4,indie
Arctic Monkeys,Fake Tales Of San Francisco,63,0.454,0.778,9,-4.225,1,0.0449,0.00998,0.0,0.0427,0.704,127.158,177947,4,indie
Remi Wolf,Photo ID (with Dominic Fike),67,0.747,0.822,1,-5.15,1,0.0893,0.192,0.0,0.288,0.862,115.937,207927,4,indie
Booka Shade,Hope,46,0.608,0.648,8,-9.342,1,0.0358,0.00073,0.834,0.0923,0.361,121.997,371500,4,indie
Matilda Mann,Paper Mache World,50,0.479,0.754,2,-5.818,1,0.0849,0.455,5.82e-06,0.127,0.575,180.109,179083,4,indie
Pom Pom Squad,Head Cheerleader,44,0.525,0.922,7,-6.136,1,0.0735,0.000167,3.5e-06,0.77,0.494,142.971,188243,4,indie
Television,Marquee Moon - Remastered,47,0.494,0.657,7,-7.543,1,0.0397,0.0632,0.449,0.0849,0.737,118.194,645000,4,indie
L.A. Sunday,Pillars,27,0.696,0.319,8,-16.729,0,0.0624,0.502,0.0237,0.116,0.382,144.024,260000,4,indie
my bloody valentine,Soon,50,0.431,0.927,6,-9.072,0,0.0432,5.99e-06,0.869,0.42,0.632,109.55,419307,4,indie
Cigar Cigarette,Time After Time,60,0.378,0.533,10,-8.843,1,0.0279,0.479,0.508,0.131,0.285,75.927,290630,4,indie
Huron John,Garbage,38,0.795,0.644,11,-7.521,0,0.0319,0.28,0.735,0.201,0.804,119.01,197145,4,indie
Sam Ezeh,Sapphire Alley,47,0.675,0.622,10,-6.251,1,0.0234,0.247,0.45,0.107,0.662,108.002,202778,4,indie
Gaspard Augé,Force majeure,58,0.578,0.696,1,-6.866,1,0.0307,4.85e-05,0.874,0.142,0.219,119.999,206118,4,indie
Jade Bird,Headstart,60,0.536,0.704,10,-7.612,1,0.0417,0.0932,0.0,0.227,0.702,103.134,142819,4,indie
bad tuner,Back To Me,34,0.689,0.72,9,-6.85,1,0.0365,0.00244,0.00272,0.111,0.399,120.0,185492,4,indie
alt-J,Every Other Freckle,55,0.527,0.704,9,-7.632,1,0.0821,0.626,0.0402,0.117,0.516,143.884,216004,4,indie
Dance With the Dead,Invader,50,0.528,0.864,11,-5.702,0,0.0441,0.000332,0.869,0.0702,0.159,126.012,274286,4,indie
Briston Maroney,Freeway,46,0.565,0.545,7,-9.549,1,0.0358,0.0289,3.4e-06,0.161,0.592,79.988,251027,4,indie
Phani Narayana,Kondalalo Nelakonna,15,0.669,0.31,5,-11.795,0,0.0339,0.918,0.827,0.122,0.279,143.904,442854,4,indie
The Killers,Mr. Brightside,82,0.352,0.911,1,-5.23,1,0.0747,0.00121,0.0,0.0995,0.236,148.033,222973,4,indie
Yeah Yeah Yeahs,Maps,68,0.502,0.941,7,-5.194,1,0.0716,0.000346,0.319,0.553,0.124,119.783,219987,4,indie
Björk,Stonemilker,39,0.133,0.257,2,-13.545,1,0.0317,0.12,0.00608,0.1,0.0501,82.163,409320,5,indie
Part-Time Friends,Paris en août,37,0.709,0.554,0,-9.802,1,0.0734,0.375,0.000796,0.108,0.631,138.117,210147,4,indie
Catfish and the Bottlemen,Kathleen,65,0.489,0.892,11,-4.757,0,0.0786,0.000369,0.00293,0.411,0.598,137.93,160886,4,indie
Miynt,A bite of papaya,47,0.743,0.741,7,-5.717,1,0.0415,0.121,0.0692,0.0836,0.508,107.958,257033,4,indie
Rhye,Safeword,56,0.764,0.501,0,-10.842,1,0.0378,0.311,0.192,0.111,0.427,106.961,174147,4,indie
Труд,Друг,38,0.421,0.903,6,-3.213,0,0.0569,0.000385,0.86,0.136,0.913,138.436,208562,4,indie
Katy Kirby,Cool Dry Place,42,0.412,0.348,4,-10.229,1,0.029,0.255,0.00145,0.103,0.427,137.469,300587,4,indie
Phoebe Bridgers,Funeral,64,0.215,0.263,11,-14.416,1,0.0378,0.947,0.00028,0.0919,0.307,172.332,232373,4,indie
Bendigo Fletcher,Evergreen,43,0.237,0.658,4,-7.813,1,0.0335,0.136,3e-05,0.142,0.267,158.351,280827,4,indie
Vistas,Start Again,48,0.609,0.895,2,-2.809,1,0.0375,0.000324,0.000438,0.0831,0.368,123.044,177560,4,indie
Bombay Bicycle Club,Shuffle,61,0.627,0.959,7,-4.744,1,0.0298,0.316,0.00576,0.112,0.397,109.981,235293,4,indie
Turnover,Super Natural,55,0.652,0.662,5,-7.926,1,0.0283,0.203,0.206,0.0977,0.539,121.027,257860,4,indie
Saint Motel,It's All Happening,55,0.618,0.662,0,-4.797,1,0.0262,0.0028,0.000724,0.107,0.398,127.985,180187,4,alternative
? & The Mysterians,96 Tears,44,0.681,0.499,7,-6.894,1,0.034,0.0589,6.39e-06,0.0743,0.841,123.458,177427,4,alternative
ROMES,Chillthefuckout.,0,0.671,0.756,2,-5.914,1,0.0504,0.00178,0.00224,0.273,0.277,110.016,167000,4,alternative
USS (Ubiquitous Synergy Seeker),Feel Alive,42,0.558,0.658,11,-7.661,1,0.0535,0.0298,0.0,0.135,0.519,122.031,226669,4,alternative
Barry Can't Swim,Lone Raver,38,0.731,0.602,8,-12.526,1,0.0526,0.496,0.584,0.0916,0.194,128.065,257299,4,alternative
The Knickerbockers,Lies (are breaking my heart),34,0.491,0.696,9,-10.114,1,0.0301,0.707,0.0,0.211,0.893,144.765,165360,4,alternative
Jade Bird,Headstart,60,0.536,0.704,10,-7.612,1,0.0417,0.0932,0.0,0.227,0.702,103.134,142819,4,alternative
Nubiyan Twist,Buckle Up,49,0.677,0.616,1,-6.577,0,0.0873,0.45,0.0011,0.107,0.562,96.968,302733,4,alternative
Ron Gallo,Kill the Medicine Man,32,0.41,0.823,9,-6.237,1,0.0655,0.0554,0.000215,0.154,0.284,90.471,153717,4,alternative
In The Whale,Drug Dealer,32,0.275,0.933,2,-5.14,0,0.0879,6.86e-05,0.0457,0.206,0.164,100.47,169284,4,alternative
K.Flay,Four Letter Words,61,0.696,0.83,8,-4.866,1,0.146,0.0717,2.39e-06,0.171,0.677,138.057,147562,4,alternative
Jools,How Can Some Experience What Pride Is Without Liberation for All?,40,0.477,0.941,8,-4.152,1,0.0623,0.00287,0.00108,0.123,0.466,74.959,212743,4,alternative
Howler,Back of Your Neck,33,0.552,0.936,11,-2.93,1,0.28,0.314,0.0129,0.105,0.222,166.849,222573,4,alternative
Matty,Videogames,41,0.431,0.451,1,-9.064,1,0.0299,0.858,0.267,0.136,0.257,141.406,257329,4,alternative
Jefferson Airplane,White Rabbit,69,0.551,0.293,2,-12.503,1,0.0272,0.486,0.000273,0.0864,0.322,106.798,150640,4,alternative
EKKSTACY,i walk this earth all by myself,65,0.595,0.588,10,-11.313,1,0.0624,0.507,0.781,0.113,0.518,166.061,145634,4,alternative
Nada Surf,Popular,53,0.444,0.884,7,-6.104,1,0.119,0.00751,8.94e-05,0.116,0.296,94.82,220587,4,alternative
Mndsgn,Slowdance,37,0.481,0.488,1,-9.776,0,0.0524,0.0589,0.42,0.136,0.177,137.967,315799,1,alternative
The Smiths,How Soon Is Now? - 2008 Remaster,53,0.55,0.941,1,-5.721,0,0.0413,0.000872,0.0854,0.101,0.746,95.409,406987,4,alternative
The Bright Light Social Hour,Sun King,40,0.556,0.683,1,-9.149,0,0.0374,0.101,0.0577,0.229,0.694,101.006,190135,4,alternative
Skrillex,Too Bizarre (with Swae Lee & Siiickbrain),68,0.666,0.723,6,-5.104,0,0.0449,0.0151,0.000592,0.057,0.546,159.962,158733,4,alternative
Boy Destroy,Favourite,41,0.6,0.732,7,-3.848,0,0.0297,0.00713,0.0,0.242,0.453,141.926,188880,4,alternative
Bloc Party,Banquet,64,0.575,0.936,10,-4.913,0,0.0512,0.000128,0.0146,0.0828,0.879,150.234,201360,4,alternative
Black Grape,Reverend Black Grape,41,0.606,0.923,8,-6.842,1,0.0661,0.000676,0.00289,0.081,0.599,108.107,313067,4,alternative
Khruangbin,Summer Madness,59,0.504,0.323,6,-12.442,0,0.0481,0.382,0.835,0.373,0.453,79.654,201917,4,alternative
The Rapture,How Deep Is Your Love?,52,0.472,0.826,9,-3.938,0,0.0594,0.000617,0.000713,0.187,0.132,122.326,385920,4,alternative
The Libertines,Time For Heroes,56,0.344,0.925,2,-4.157,1,0.0554,0.0106,0.000211,0.0136,0.712,152.395,160280,4,alternative
RINSE,Back Into Your Arms,37,0.5,0.794,3,-7.579,1,0.029,0.00478,0.00582,0.0926,0.257,90.007,263801,4,alternative
Jacques Greene,Promise,43,0.565,0.468,8,-8.959,0,0.047,0.794,0.905,0.216,0.079,155.006,209806,4,alternative
U2,I Will Follow,58,0.36,0.909,8,-6.827,1,0.0663,0.000347,3.28e-05,0.282,0.647,155.293,217387,4,alternative
Vampire Weekend,A-Punk,70,0.551,0.819,2,-4.489,1,0.0525,0.0103,0.0437,0.153,0.846,174.917,137760,4,alternative
T. Rex,20th Century Boy - 2012 Remaster,54,0.426,0.954,9,-6.121,1,0.0474,0.00144,0.0,0.149,0.721,135.302,218666,4,alternative
The Bees,A Minha Menina,44,0.521,0.808,9,-8.201,0,0.052,0.805,0.0105,0.227,0.834,98.867,170733,4,alternative
LUNA AURA,HONEY,55,0.468,0.902,9,-4.838,1,0.132,0.0325,2.65e-06,0.0664,0.451,119.017,155680,4,alternative
cleopatrick,hometown,63,0.315,0.826,7,-4.314,0,0.0636,0.00064,0.000687,0.0703,0.359,139.161,256072,4,alternative
Talibah Safiya,Animal Kingdom,35,0.719,0.625,8,-11.06,1,0.0441,0.116,0.000401,0.0314,0.791,121.672,214728,4,alternative
Caleb Elliott,Makes Me Wonder,33,0.636,0.51,2,-8.955,0,0.0244,0.0688,0.371,0.131,0.718,84.198,213440,4,alternative
The Pretty Things,She's a Lover,38,0.439,0.795,2,-9.424,1,0.0314,0.00407,0.00114,0.296,0.789,84.846,212067,4,alternative
ufo ufo,Strange Clouds,53,0.653,0.722,4,-7.3,1,0.0292,0.0571,0.0492,0.107,0.888,128.018,206240,4,alternative
The Wombats,Let's Dance to Joy Division,2,0.398,0.838,4,-6.679,1,0.102,0.00127,0.0,0.576,0.747,116.913,191293,4,alternative
Krystal Klear,Piano Banana,0,0.803,0.941,10,-9.902,1,0.126,5.18e-05,0.917,0.105,0.389,127.011,242090,4,alternative
Angela Muñoz,Can I Get Your Name,45,0.569,0.465,0,-7.294,1,0.0317,0.632,0.00988,0.113,0.321,74.955,237827,4,alternative
Julian Cope,World Shut Your Mouth,46,0.642,0.82,9,-6.789,0,0.0619,0.0128,1.16e-06,0.299,0.782,126.25,215000,4,alternative
Jealous of the Birds,Young Neanderthal,34,0.549,0.867,2,-4.666,1,0.0371,0.0108,4.46e-06,0.171,0.486,110.032,186760,4,alternative
Altin Gün,Leyla,43,0.462,0.753,1,-9.086,1,0.0343,0.0136,0.695,0.151,0.858,96.44,197754,4,alternative
Savannah Conley,Being Around You,26,0.598,0.591,8,-5.387,1,0.0262,0.179,0.00066,0.0714,0.467,93.071,178484,3,alternative
Patti Smith,People Have the Power,51,0.622,0.737,2,-9.296,1,0.0289,0.0349,4.6e-06,0.318,0.742,130.255,310400,4,alternative
Maybird,Turning Into Water,43,0.446,0.658,7,-6.746,1,0.0362,0.00209,0.00694,0.241,0.635,127.048,201403,4,alternative
Colony House,O YA,47,0.502,0.96,6,-4.523,1,0.143,0.288,0.000254,0.676,0.438,76.04,260000,4,alternative
Psychic Temple,You Ain't a Star,29,0.448,0.595,11,-7.73,0,0.0298,0.105,0.25,0.2,0.772,167.371,189893,4,alternative
Reginald Omas Mamode IV,400 Years,37,0.782,0.515,0,-12.48,1,0.079,0.0339,0.00902,0.089,0.451,118.543,192783,4,alternative
TDJ,Open Air,37,0.667,0.51,1,-10.133,1,0.0436,0.176,0.00283,0.0857,0.16,141.077,251555,4,alternative
Satellite Citi,Getaway,26,0.451,0.912,2,-4.33,1,0.0671,0.000452,0.00429,0.348,0.513,116.039,219141,4,alternative
New Order,Age of Consent - 2015 Remaster,67,0.372,0.91,2,-5.559,1,0.0392,0.00101,0.0944,0.13,0.756,161.964,315333,4,alternative
Nia Archives,Headz Gone West,48,0.609,0.868,7,-4.975,1,0.101,0.205,0.00129,0.106,0.705,175.11,142629,4,alternative
In Tua Nua,Seven Into The Sea,6,0.477,0.615,11,-14.173,0,0.0549,0.00369,0.239,0.519,0.393,130.716,342573,4,alternative
The Coral,Pass It On,53,0.395,0.727,7,-6.015,1,0.0375,0.282,7.12e-06,0.0683,0.872,179.097,139133,4,alternative
Jill Andrews,Gimme the Beat Back,36,0.709,0.692,2,-7.365,1,0.0362,0.126,0.000748,0.0695,0.645,94.013,165133,4,alternative
Crumb,BNR,55,0.642,0.604,9,-8.412,1,0.0292,0.281,0.55,0.115,0.389,101.539,181360,4,alternative
Gary Numan,Are 'Friends' Electric?,34,0.423,0.748,5,-9.832,1,0.0387,0.0303,0.223,0.169,0.429,93.973,325200,4,alternative
Frameworks,Cusp - Edit,37,0.733,0.726,5,-9.894,0,0.0366,0.278,0.83,0.173,0.0823,117.991,249080,4,alternative
Jacob Banks,Parade,54,0.574,0.691,6,-7.805,0,0.0336,0.0142,0.000431,0.169,0.767,95.009,136632,4,alternative
Cherym,Kisses On My Cards,25,0.459,0.953,4,-5.578,1,0.0724,0.000121,0.0933,0.135,0.512,142.003,189248,4,alternative
salute,Want U There,44,0.623,0.965,6,-3.157,0,0.376,0.00135,2.44e-06,0.482,0.346,134.066,176506,4,alternative
Parquet Courts,Master Of My Craft,29,0.166,0.861,2,-6.761,1,0.0651,0.0267,0.842,0.605,0.523,187.544,190347,4,alternative
Tony Anderson,Éclosion,50,0.514,0.174,9,-28.958,0,0.0544,0.965,0.964,0.0998,0.513,150.056,295200,4,alternative
Pearl Jam,Alive,75,0.284,0.875,11,-6.069,0,0.0422,0.00752,0.000461,0.402,0.595,75.009,340907,4,alternative
Miss Grit,Impostor,39,0.323,0.672,4,-7.079,1,0.0386,0.269,0.217,0.198,0.0545,148.143,265836,4,alternative
The Strokes,Reptilia,75,0.489,0.649,9,-5.11,1,0.0336,0.000603,0.713,0.101,0.77,158.009,219827,4,alternative
"nothing,nowhere.",fake friend,64,0.472,0.849,4,-3.738,1,0.0315,0.00362,0.0,0.0973,0.31,144.065,169451,4,alternative
Data,Rapture,27,0.541,0.882,3,-3.929,0,0.219,0.158,0.0,0.079,0.423,142.867,218373,4,alternative
Calva Louise,Belicoso,39,0.534,0.868,9,-8.532,1,0.0634,0.000776,0.000342,0.358,0.372,140.06,169710,4,alternative
This Is The Kit,Coming to Get You Nowhere,49,0.688,0.523,7,-10.659,1,0.0401,0.898,0.375,0.127,0.864,94.89,200480,4,alternative
Built To Spill,Carry the Zero,57,0.264,0.812,4,-5.651,1,0.031,1.35e-05,0.108,0.0962,0.458,94.095,343893,4,alternative
Tiberius b,Big Deal,43,0.696,0.571,1,-5.472,1,0.0545,0.0285,0.0,0.0917,0.456,136.036,258337,4,alternative
The Hunna,Bad Place,56,0.648,0.564,9,-3.972,1,0.0322,0.216,0.0,0.0854,0.357,132.932,139729,4,alternative
Big Ups,Goes Black,31,0.377,0.976,6,-3.686,0,0.217,0.000107,0.0936,0.142,0.264,116.062,141560,4,alternative
Noah Cunane,F*CK ABOUT IT,49,0.364,0.936,9,-4.281,1,0.146,0.000626,2.5e-06,0.427,0.579,180.191,100608,4,alternative
Lene Lovich,Lucky Number,43,0.669,0.733,5,-10.495,1,0.0494,0.0205,0.000224,0.042,0.833,153.778,171093,4,alternative
Ashley Monroe,Til It Breaks,48,0.712,0.354,1,-7.814,0,0.0309,0.386,1.14e-05,0.116,0.528,133.969,201520,4,alternative
FEWS,More Than Ever,34,0.379,0.966,9,-2.59,0,0.169,7.67e-05,0.565,0.357,0.478,166.153,199863,4,alternative
A Day To Remember,Everything We Need,63,0.464,0.764,8,-5.627,1,0.0324,0.017,0.0,0.101,0.589,81.814,185200,4,alternative
The Sound,Winning,47,0.426,0.721,1,-9.391,0,0.0309,2.73e-05,0.023,0.0867,0.248,151.13,258080,4,alternative
phem,congratulations,51,0.457,0.764,5,-6.419,0,0.193,0.0258,1.98e-06,0.0721,0.61,129.514,132371,5,alternative
L.A. WITCH,Sleep,36,0.363,0.81,4,-4.019,0,0.0397,0.00805,0.508,0.128,0.555,118.581,233320,4,alternative
Vera Sola,The Colony,32,0.595,0.633,0,-8.835,0,0.0595,0.449,0.00438,0.132,0.569,131.166,168347,4,alternative
James,Born Of Frustration,45,0.521,0.935,10,-4.261,1,0.0425,0.0361,1.56e-06,0.277,0.332,111.023,276027,4,alternative
Gorillaz,Stylo (feat. Mos Def and Bobby Womack),64,0.686,0.751,10,-5.747,0,0.0604,0.00604,0.000849,0.0979,0.851,100.222,270520,4,alternative
Wand,The Gift,24,0.43,0.823,4,-8.257,1,0.0396,0.0202,0.0169,0.309,0.492,100.156,245413,4,alternative
Strawberry Alarm Clock,Incense And Peppermints,45,0.473,0.735,9,-8.921,1,0.0296,0.0603,0.0,0.15,0.754,132.506,169800,4,alternative
Arlo Parks,Hope,57,0.59,0.521,1,-8.823,0,0.0335,0.404,0.000101,0.357,0.423,99.165,270067,4,alternative
Cihan Mürtezaoğlu,Belli Olmaz,44,0.653,0.668,2,-10.294,0,0.0388,0.106,0.00451,0.149,0.958,126.03,172791,4,alternative
Billy Strings,Away From The Mire,53,0.379,0.593,6,-9.113,0,0.0295,0.584,0.00547,0.122,0.511,143.207,463653,4,alternative
Kutiman,Sakla Beni,23,0.456,0.513,5,-11.221,0,0.0277,0.00447,0.0273,0.114,0.771,153.995,280603,3,alternative
Arrested Youth,98 Degrees,58,0.679,0.804,6,-3.886,1,0.0439,0.0857,5.97e-06,0.19,0.64,80.981,167127,4,alternative
Mocky,Feeling Like I Like,49,0.763,0.525,1,-7.62,0,0.0565,0.071,0.0617,0.0555,0.704,105.584,258185,4,alternative
The Smashing Pumpkins,1979 - Remastered 2012,75,0.767,0.787,3,-9.897,1,0.0331,0.0163,0.583,0.0513,0.964,126.879,266200,4,alternative
The Dandy Warhols,Bohemian Like You,68,0.584,0.931,9,-6.158,1,0.0344,0.00315,0.772,0.133,0.694,131.275,211707,4,alternative
The Modern Lovers,Roadrunner,58,0.462,0.84,2,-6.667,1,0.0346,5.05e-05,6.47e-05,0.0893,0.805,75.542,246440,4,alternative
IDLES,War,50,0.24,0.956,0,-3.335,1,0.07,3.39e-05,0.000752,0.0579,0.205,93.486,187451,4,alternative
Fire From The Gods,Right Now,56,0.494,0.916,1,-4.734,0,0.233,0.00112,4.43e-06,0.0996,0.433,89.468,225026,4,rock
Badfinger,Name Of The Game - Remastered 2010,39,0.324,0.566,9,-8.765,1,0.0295,0.032,0.00536,0.138,0.292,138.414,321160,4,rock
ONR,It Gets To A Point,45,0.545,0.964,1,-4.326,1,0.0565,0.000114,3.87e-06,0.0842,0.698,142.002,233439,4,rock
Himalayas,Thank God I'm Not You,55,0.542,0.828,11,-3.91,0,0.0536,0.00175,0.0136,0.06,0.785,126.037,194626,4,rock
Aerosmith,What It Takes,55,0.522,0.738,0,-6.423,1,0.031,0.0286,5.8e-06,0.4,0.461,142.702,310533,4,rock
White Denim,It Might Get Dark,40,0.441,0.752,7,-5.757,1,0.132,0.035,0.000553,0.0902,0.492,140.239,216920,4,rock
AWOLNATION,The Best,57,0.635,0.875,2,-4.756,0,0.0306,0.11,0.236,0.0993,0.0485,111.005,223320,4,rock
Maggie Lindemann,Loner,55,0.69,0.706,8,-4.235,0,0.0519,0.322,0.00024,0.132,0.229,159.905,190561,4,rock
Gonzalez,Dusted,28,0.242,0.948,5,-6.003,1,0.066,4.8e-05,0.000951,0.215,0.601,147.049,235013,4,rock
Thirty Seconds To Mars,The Kill (Bury Me),63,0.179,0.912,4,-3.881,0,0.0791,0.0014,0.000294,0.582,0.289,182.99,231533,3,rock
Chris Cornell,Patience,64,0.597,0.646,6,-7.378,0,0.0344,0.28,0.0,0.111,0.364,126.951,253121,4,rock
The Beach Boys,Surfin' U.S.A. - Remastered 2001,72,0.55,0.854,3,-5.968,1,0.036,0.661,0.0,0.112,0.965,159.231,149373,4,rock
The Blue Stones,Let It Ride,51,0.53,0.896,1,-4.426,0,0.04,0.000241,0.0222,0.271,0.543,128.005,217787,4,rock
U2,Beautiful Day,73,0.536,0.928,11,-6.492,0,0.0589,0.0154,0.00134,0.2,0.389,136.258,248400,4,rock
Midtown,Give It Up,32,0.457,0.922,10,-2.766,0,0.0689,0.000357,0.0,0.103,0.587,159.816,221800,4,rock
Jimi Hendrix,Hey Joe,71,0.346,0.768,9,-5.695,1,0.0377,0.00603,0.38,0.0244,0.532,169.492,210160,4,rock
Warrant,Cherry Pie,66,0.472,0.946,2,-4.591,1,0.145,0.0372,0.0,0.352,0.486,177.489,201027,4,rock
Collective Soul,Shine,69,0.54,0.423,6,-8.799,1,0.0283,0.294,0.0884,0.152,0.353,150.135,306040,4,rock
I Prevail,DOA [Feat. Joyner Lucas],59,0.372,0.479,2,-8.218,1,0.0411,0.00173,0.00018,0.147,0.08,175.134,218571,4,rock
Deep Purple,Smoke on the Water,74,0.598,0.676,0,-9.211,1,0.0279,0.13,0.225,0.112,0.805,114.169,340742,4,rock
Hollywood Undead,Undead,6,0.512,0.943,2,-5.185,0,0.106,0.0136,0.0,0.261,0.486,163.134,265053,4,rock
Grace McKagan,So Hyper,25,0.457,0.986,6,-4.49,1,0.0697,0.0196,0.0208,0.128,0.558,139.173,175224,4,rock
Saul,Trial By Fire,44,0.417,0.95,1,-3.478,1,0.145,2.14e-05,0.493,0.305,0.572,192.118,211000,4,rock
Ray LaMontagne,Strong Enough,56,0.717,0.706,2,-8.612,1,0.0278,0.116,1.51e-05,0.184,0.967,130.543,214653,4,rock
"Broccoli, you too?",All Those Realistic Lies,5,0.599,0.00976,2,-19.889,1,0.128,0.989,0.796,0.109,0.275,131.222,65111,4,rock
The Kinks,You Really Got Me,72,0.573,0.939,8,-6.441,1,0.0808,0.493,0.0,0.0994,0.963,137.382,134253,4,rock
Weezer,All My Favorite Songs (feat. AJR),67,0.605,0.7,4,-6.47,1,0.0277,0.00998,0.0,0.116,0.588,84.962,170720,4,rock
Jack Johnson,Upside Down,70,0.792,0.647,4,-8.314,1,0.045,0.255,0.000223,0.132,0.694,102.477,209547,4,rock
St. Vincent,Cruel,51,0.57,0.704,1,-8.32,1,0.0314,0.0104,0.455,0.0905,0.437,115.041,214987,4,rock
YUNGBLUD,cotton candy,8,0.624,0.451,2,-5.397,1,0.0303,0.394,0.0,0.071,0.551,119.971,129256,4,rock
Frank Carter & The Rattlesnakes,Lullaby,49,0.156,0.849,3,-5.5,0,0.0664,9.78e-05,0.554,0.0793,0.571,186.164,194973,3,rock
Sleep Token,The Night Does Not Belong To God,45,0.415,0.522,8,-8.563,1,0.032,0.84,0.103,0.11,0.145,152.92,303507,4,rock
Temple Of The Dog,Hunger Strike - 25th Anniversary Mix,60,0.384,0.735,7,-6.522,1,0.0317,0.0252,2.76e-05,0.114,0.312,137.834,246267,4,rock
The Starting Line,The Best Of Me,59,0.533,0.802,4,-4.212,1,0.0384,0.001,0.0,0.314,0.293,106.969,258267,4,rock
Mason Hill,Against the Wall,42,0.566,0.699,3,-6.526,0,0.0296,0.000228,0.0,0.34,0.472,126.043,261387,4,rock
Noam Rotem,השמיכה הלבנה,23,0.489,0.738,9,-10.405,1,0.0383,0.0885,0.349,0.104,0.514,141.912,172300,4,rock
Patsy Cline,Gotta Lot Of Rhythm In My Soul,8,0.74,0.554,2,-14.131,1,0.031,0.977,0.283,0.623,0.971,109.129,140565,4,rock
The Rolling Stones,Beast Of Burden - Remastered 1994,74,0.783,0.878,1,-3.864,0,0.0308,0.39,0.000778,0.0426,0.885,100.626,265173,4,rock
Olivia Rodrigo,good 4 u,91,0.556,0.661,6,-5.052,0,0.204,0.3,0.0,0.101,0.668,168.56,178148,4,rock
Molchat Doma,Не Смешно / Ne Smeshno,41,0.632,0.786,10,-9.329,0,0.0578,0.117,0.913,0.127,0.551,123.002,232120,4,rock
Manchester Orchestra,Bed Head,57,0.513,0.97,10,-6.051,0,0.133,5.75e-05,0.000538,0.515,0.214,122.057,244493,4,rock
The Doobie Brothers,Long Train Runnin',73,0.575,0.912,7,-7.275,0,0.0393,0.0916,0.00211,0.0562,0.843,117.399,207267,4,rock
Bully,Where to Start,44,0.341,0.875,9,-4.581,1,0.0406,2.32e-05,0.126,0.135,0.477,78.948,180601,4,rock
Cinderella,Don't Know What You Got (Till It's Gone),6,0.247,0.749,9,-5.542,1,0.0357,0.0649,0.0818,0.752,0.232,130.192,274067,4,rock
Murmur,Fragile,19,0.453,0.813,5,-4.212,1,0.0324,8.07e-05,0.0118,0.681,0.974,92.782,189459,4,rock
Garbage,Wolves - Edit,18,0.484,0.956,5,-6.388,0,0.0357,2.59e-05,0.705,0.257,0.643,145.004,219541,4,rock
The Cooper Temple Clause,Been Training Dogs,19,0.184,0.984,9,-2.733,1,0.113,6.3e-05,1.02e-05,0.44,0.174,157.685,193493,3,rock
Coheed and Cambria,Welcome Home,66,0.442,0.951,11,-5.27,1,0.11,0.00648,1.12e-06,0.0887,0.158,154.004,374973,4,rock
Volbeat,Seal The Deal,57,0.53,0.973,4,-3.603,0,0.0663,6.44e-05,0.00558,0.129,0.432,105.997,249306,4,rock
Patient Sixty-Seven,Antisocial,45,0.542,0.99,6,-3.22,1,0.145,0.00324,6.07e-06,0.285,0.749,151.957,154243,4,rock
Foo Fighters,Waiting On A War,65,0.53,0.759,7,-7.067,1,0.0351,0.00984,0.0,0.319,0.502,131.999,253840,4,rock
Lalalar,İsyanlar - Radio Edit,43,0.776,0.523,7,-10.667,1,0.0626,0.17,0.82,0.429,0.529,100.976,280500,4,rock
Kendell Marvel,Lowdown & Lonesome,47,0.504,0.874,1,-7.09,1,0.037,0.00185,0.000193,0.049,0.867,180.009,263000,4,rock
The Blue Stones,Shakin' Off The Rust,58,0.585,0.8,7,-6.094,1,0.035,0.0017,4.96e-06,0.0981,0.368,110.971,222936,4,rock
Ron Gallo,"Young Lady, You're Scaring Me",59,0.371,0.921,9,-5.533,1,0.0784,0.0113,2.7e-05,0.43,0.508,109.675,220538,4,rock
Foo Fighters,Everlong,78,0.413,0.881,11,-5.541,0,0.0367,5.99e-05,0.000308,0.0805,0.364,158.066,250547,4,rock
Galleons,Casablanca,38,0.434,0.908,7,-3.387,1,0.0664,0.000124,6.93e-06,0.0842,0.559,152.022,236472,4,rock
Avalanche Effect,The Veil,38,0.426,0.932,1,-9.138,1,0.0591,0.000138,0.00331,0.059,0.602,170.048,267000,4,rock
Coldplay,Talk,63,0.415,0.554,7,-10.839,0,0.0334,0.00541,0.00202,0.155,0.163,120.318,311292,4,rock
Ozzy Osbourne,Ordinary Man (feat. Elton John),59,0.428,0.599,4,-2.135,1,0.0286,0.0665,9.86e-06,0.137,0.134,125.83,301730,4,rock
FEVER 333,(The First Stone) Changes [feat. Yelawolf],37,0.689,0.869,2,-5.031,1,0.249,0.0124,4.57e-05,0.381,0.372,118.956,189743,4,rock
Aviv Geffen,אור הירח,39,0.305,0.597,9,-9.055,1,0.0307,0.0739,0.000129,0.098,0.415,150.558,226160,4,rock
Aerosmith,Cryin',72,0.445,0.856,9,-3.674,1,0.0327,0.000202,0.0101,0.367,0.486,105.872,308333,3,rock
AC/DC,T.N.T.,78,0.754,0.759,9,-5.218,1,0.302,0.153,0.000108,0.101,0.435,126.366,214667,4,rock
Cisco Adler,Sunday Vibe,58,0.747,0.662,7,-7.008,1,0.198,0.583,0.0,0.136,0.532,155.78,186760,4,rock
Little Richard,Ready Teddy,48,0.532,0.678,5,-5.59,1,0.19,0.673,0.0,0.103,0.971,205.973,126680,4,rock
Migrant Motel,New Religion,35,0.571,0.405,1,-8.907,1,0.025,0.00157,0.000991,0.0911,0.398,72.974,184000,4,rock
OWLS,Everyone Is My Friend,32,0.53,0.793,4,-7.662,1,0.0382,0.0132,0.0,0.236,0.603,101.258,206351,4,rock
Preservation Hall Jazz Band,Keep Your Head Up,34,0.623,0.888,5,-5.018,0,0.133,0.343,0.0,0.34,0.687,107.962,285347,4,rock
Blues Traveler,But Anyway,56,0.672,0.768,1,-9.142,0,0.0445,0.0382,5.51e-05,0.0837,0.942,102.487,249867,4,rock
Bumpin Uglies,Serotonin,41,0.684,0.788,8,-5.627,1,0.0424,0.0311,3.17e-05,0.0632,0.793,83.011,181370,4,rock
Pure Reason Revolution,New Obsession,31,0.569,0.804,6,-6.921,0,0.0542,0.000482,0.000289,0.321,0.148,120.014,307100,4,rock
Aerosmith,Sweet Emotion,75,0.38,0.76,9,-10.961,1,0.0378,0.00298,0.0294,0.104,0.491,99.437,274133,4,rock
Bobby Lee Trammell,Shirley Lee,24,0.639,0.849,9,-6.595,1,0.0442,0.675,0.013,0.0999,0.971,105.922,107800,4,rock
Elton John,"Rocket Man (I Think It's Going To Be A Long, Long Time)",82,0.601,0.532,10,-9.119,1,0.0286,0.432,6.25e-06,0.0925,0.341,136.571,281613,4,rock
The Police,Bring On The Night,55,0.727,0.627,2,-11.7,1,0.0633,0.0566,0.003,0.0779,0.773,109.603,255213,4,rock
Jesuslesfilles,Doux doux,24,0.372,0.939,7,-8.474,1,0.0618,0.0198,0.0142,0.139,0.331,178.282,204413,4,rock
Don Henley,The Boys Of Summer,77,0.516,0.549,6,-13.741,1,0.0373,0.501,0.00572,0.184,0.907,176.941,288733,4,rock
David Shaw,Heavy Soul,47,0.72,0.747,7,-4.413,1,0.0313,0.204,2.55e-05,0.139,0.919,145.047,182690,4,rock
Gleemer,Gauze,48,0.567,0.539,10,-8.745,1,0.0333,0.00458,0.406,0.109,0.372,81.989,297501,4,rock
Body Count,Body Count's in the House,49,0.478,0.953,8,-7.294,1,0.0892,0.0328,0.000508,0.597,0.407,96.622,204200,4,rock
Fontaines D.C.,I Don't Belong,50,0.657,0.716,9,-7.76,0,0.0264,0.2,0.000728,0.173,0.513,112.045,271107,4,rock
Everlast,The Culling,38,0.681,0.849,1,-5.952,1,0.382,0.0305,0.0,0.301,0.541,79.004,194160,4,rock
The Blue Stones,Shakin' Off The Rust,58,0.585,0.8,7,-6.094,1,0.035,0.0017,4.96e-06,0.0981,0.368,110.971,222936,4,rock
Fall Out Boy,The Last Of The Real Ones,61,0.579,0.872,8,-5.294,1,0.0443,0.00594,0.0,0.192,0.557,115.043,230400,4,rock
The Ataris,The Boys of Summer,67,0.251,0.954,6,-2.879,1,0.0691,0.000674,0.000132,0.0975,0.264,191.059,258000,4,rock
Nothing But Thieves,Sorry - Acoustic,52,0.672,0.429,8,-7.364,0,0.0298,0.818,4.69e-06,0.205,0.481,127.912,214413,4,rock
Adam Jensen,Trouble,48,0.433,0.863,1,-6.213,0,0.0455,0.0397,0.0,0.0763,0.424,85.999,224142,4,rock
The Fall of Troy,F.C.P.R.E.M.I.X.,59,0.226,0.891,9,-5.531,0,0.0702,0.000631,9.75e-06,0.225,0.511,167.876,237680,4,rock
Don McLean,American Pie,75,0.531,0.481,4,-11.709,0,0.06,0.699,0.0,0.0842,0.491,138.45,516893,4,rock
The Offspring,Days Go By,54,0.402,0.976,9,-1.823,1,0.0712,0.0029,0.0,0.116,0.318,150.061,241787,4,rock
Eric Clapton,Cocaine,70,0.699,0.502,9,-12.526,1,0.0278,0.0607,0.0337,0.317,0.676,105.267,221640,4,rock
Tom Petty,Wildflowers,70,0.537,0.315,5,-13.79,1,0.0271,0.588,2.29e-05,0.206,0.575,86.813,190320,4,rock
Grey Daze,B12,52,0.475,0.922,11,-5.136,0,0.0452,0.00738,0.0218,0.07,0.535,154.99,213680,4,rock
Samla Mammas Manna,Dundrets Fröjder,25,0.471,0.576,9,-12.748,0,0.057,0.0373,0.586,0.113,0.607,129.092,646493,4,rock
Crooked Teeth,Light Me Up,37,0.539,0.915,0,-3.484,1,0.262,0.102,2.68e-05,0.0993,0.689,142.04,180254,4,rock
Sour Widows,Look the Other Way,30,0.536,0.477,5,-8.999,1,0.0301,0.889,0.00079,0.106,0.316,159.679,304720,4,rock
Royal Blood,Ten Tonne Skeleton,58,0.488,0.879,7,-3.329,0,0.0393,0.000488,1.19e-06,0.14,0.557,86.986,187853,4,rock
Million Dead,Smiling at Strangers on Trains,32,0.207,0.961,7,-5.017,1,0.0801,9.94e-05,0.031,0.331,0.343,175.217,175253,4,rock
Steve Perry,Oh Sherrie,65,0.333,0.695,5,-5.116,1,0.0465,0.372,7.13e-06,0.107,0.317,203.753,229347,4,rock
